id,section,idx_in_section,citation_raw,year,year_paren,authors_raw,url,doi,title,venue,note
scholarly-books-001,Scholarly Books,1,"Wang, W., Akcaoglu, M., Rosenberg, J. M., & Kellogg, S. (under contract, anticipated publication late 2026). *Computational social science cookbook with R: A practical guide* (a volume in the *Chapman & Hall/CRC Big Data Series*). CRC Press.",2026,"under contract, anticipated publication late 2026","Wang, W., Akcaoglu, M., Rosenberg, J. M., & Kellogg, S",NA,NA,*Computational social science cookbook with R: A practical guide* (a volume in the *Chapman & Hall/CRC Big Data Series*),CRC Press,NA
scholarly-books-002,Scholarly Books,2,"Estrellado, R. A., Freer, E. A., Mostipak, J., Rosenberg, J. M., & Velásquez, I. C. (2020). *Data science in education using R*. Routledge. *Note.* All authors contributed equally. <http://www.datascienceineducation.com/>",2020,2020,"Estrellado, R. A., Freer, E. A., Mostipak, J., Rosenberg, J. M., & Velásquez, I. C",http://www.datascienceineducation.com/,NA,Data science in education using R,Routledge,NA
book-for-general-audience-001,Book for General Audience,1,"Rosenberg, K., & Rosenberg, J.M. (in press, anticipated release winter 2026-2027). Hiking Knoxville: Family Friendly Adventures from the City to the Smokies. UT Press. <https://familyhikesaroundknox.com/>",2026,"in press, anticipated release winter 2026-2027","Rosenberg, K., & Rosenberg, J.M",https://familyhikesaroundknox.com/,NA,"Hiking Knoxville: Family Friendly Adventures from the City to the Smokies",UT Press,NA
articles-under-review-or-in-press-001,Articles Under Review or in Press,1,"Lopez, F., Darriet, C., Santibanez, L., Cervantes-Soon, C., Frankenberg, E., Asson, S., Delcid, G., Serrano, E., & Rosenberg, J.M (revise and resubmit). Enrollment patterns and online portrayals of dual language programs in California: Obstacles and promising efforts for equitable access. *American Educational Research Journal.*",NA,NA,"Lopez, F., Darriet, C., Santibanez, L., Cervantes-Soon, C., Frankenberg, E., Asson, S., Delcid, G., Serrano, E., & Rosenberg, J.M",NA,NA,Enrollment patterns and online portrayals of dual language programs in California: Obstacles and promising efforts for equitable access,American Educational Research Journal,NA
articles-under-review-or-in-press-002,Articles Under Review or in Press,2,"Staudt-Willet, B., Na. H., & Rosenberg, J. M. (in preparation/revising). Understanding the work of educational data scientists: A mixed methods exploration.",NA,NA,"Staudt-Willet, B., Na. H., & Rosenberg, J. M",NA,NA,Understanding the work of educational data scientists: A mixed methods exploration,NA,NA
articles-published-in-refereed-journals-001,Articles Published in Refereed Journals,1,"Rosenberg, J. M., Kubsch, M., Sorge, S., Tautz, S., Pritchard, C., Garner, A. V., & Xu, Z. (2026). Embracing Uncertainty in Science: The ABCs of Data and the Confidence Updater. Science Scope, 49(1), 44-50. https://www.tandfonline.com/doi/full/10.1080/08872376.2025.2601357",2026,2026,"Rosenberg, J. M., Kubsch, M., Sorge, S., Tautz, S., Pritchard, C., Garner, A. V., & Xu, Z",https://www.tandfonline.com/doi/full/10.1080/08872376.2025.2601357,10.1080/08872376.2025.2601357,Embracing Uncertainty in Science: The ABCs of Data and the Confidence Updater,Science Scope,NA
articles-published-in-refereed-journals-002,Articles Published in Refereed Journals,2,"Fischer, M., Pritchard, C., Xu, Z., & Rosenberg, J. (2025). Finding Your Way into Data Science Education as a Science Teacher. *The Science Teacher, 92*(6), 49-55.",2025,2025,"Fischer, M., Pritchard, C., Xu, Z., & Rosenberg, J",NA,NA,Finding Your Way into Data Science Education as a Science Teacher,"The Science Teacher, 92",NA
articles-published-in-refereed-journals-003,Articles Published in Refereed Journals,3,"Rosenberg, J. M., Veletsianos, G., Romero-Hall, E., & Allen, E. (2025). The Accessibility of Published Research in AERA Journals, 2010–2022. Teachers College Record, 127(8), 110-118.",2025,2025,"Rosenberg, J. M., Veletsianos, G., Romero-Hall, E., & Allen, E",NA,NA,"The Accessibility of Published Research in AERA Journals, 2010–2022",Teachers College Record,NA
articles-published-in-refereed-journals-004,Articles Published in Refereed Journals,4,"Borchers, C., Wang, Y., Hodge, E. M., & Rosenberg, J. M. (2025). Decoding Sentiment Signals: Lessons From the Political Reception of the Common Core and Next Generation Science Standards. *Educational Researcher*. <https://doi.org/10.3102/0013189X25133620>",2025,2025,"Borchers, C., Wang, Y., Hodge, E. M., & Rosenberg, J. M",https://doi.org/10.3102/0013189X25133620,10.3102/0013189X25133620,Decoding Sentiment Signals: Lessons From the Political Reception of the Common Core and Next Generation Science Standards,Educational Researcher,NA
articles-published-in-refereed-journals-005,Articles Published in Refereed Journals,5,"Dogucu, M., Kazak, S., & Rosenberg, J. M. (2025). The Design and Implementation of a Bayesian Data Analysis Lesson for Pre-Service Mathematics and Science Teachers. *Journal of Statistics and Data Science Education, 33*(2), 177-188.",2025,2025,"Dogucu, M., Kazak, S., & Rosenberg, J. M",NA,NA,The Design and Implementation of a Bayesian Data Analysis Lesson for Pre-Service Mathematics and Science Teachers,"Journal of Statistics and Data Science Education, 33",NA
articles-published-in-refereed-journals-006,Articles Published in Refereed Journals,6,"Borchers, C., Darriet, C., Rosenberg, J. M., & López, F. (2025). Dual Intent in Dual-language Programs: Internet Data Mining of School District Communications. TechTrends, 69(2), 400-412. <https://link.springer.com/article/10.1007/s11528-025-01049-1>",2025,2025,"Borchers, C., Darriet, C., Rosenberg, J. M., & López, F",https://link.springer.com/article/10.1007/s11528-025-01049-1,10.1007/s11528-025-01049-1,Dual Intent in Dual-language Programs: Internet Data Mining of School District Communications,TechTrends,NA
articles-published-in-refereed-journals-007,Articles Published in Refereed Journals,7,"Burchfield, M. A., Rosenberg, J. M., & Stegenga, S. M. (2025). Informed or outdated consent? An investigation into the media release policies of school districts in the United States. *Journal of Research on Technology in Education, 57*(4), 766-783.",2025,2025,"Burchfield, M. A., Rosenberg, J. M., & Stegenga, S. M",NA,NA,Informed or outdated consent?,An investigation into the media release policies of school districts in the United States,NA
articles-published-in-refereed-journals-008,Articles Published in Refereed Journals,8,"Beymer, P. N., Schell, M. J., Alberts, K. M., Phun, V., Rosenberg, J. M., & Schmidt, J. A. (advance online publication). Students' situational engagement profiles in formal and informal science learning environments. *Journal of Research in Science Teaching.* <https://onlinelibrary.wiley.com/doi/full/10.1002/tea.22017>",NA,NA,"Beymer, P. N., Schell, M. J., Alberts, K. M., Phun, V., Rosenberg, J. M., & Schmidt, J. A",https://onlinelibrary.wiley.com/doi/full/10.1002/tea.22017,10.1002/tea.22017,Students' situational engagement profiles in formal and informal science learning environments,Journal of Research in Science Teaching,NA
articles-published-in-refereed-journals-009,Articles Published in Refereed Journals,9,"+Pritchard, C., +Borchers, C., Rosenberg, J. M., Fox, A. K., & Stegenga, S. M. (2024). The datafication of student information on X (Twitter). *Computers and Education Open, 7*, 1-10. <https://www.sciencedirect.com/science/article/pii/S2666557324000375>",2024,2024,"+Pritchard, C., +Borchers, C., Rosenberg, J. M., Fox, A. K., & Stegenga, S. M",https://www.sciencedirect.com/science/article/pii/S2666557324000375,NA,The datafication of student information on X (Twitter),"Computers and Education Open, 7",NA
articles-published-in-refereed-journals-010,Articles Published in Refereed Journals,10,"Rosenberg, J., & Jones, R. S. (2024). Data science learning in grades K–12: Synthesizing research across divides. *Harvard Data Science Review*, *6*(3), 1-30. <https://doi.org/10.1162/99608f92.b1233596>",2024,2024,"Rosenberg, J., & Jones, R. S",https://doi.org/10.1162/99608f92.b1233596,10.1162/99608f92.b1233596,Data science learning in grades K–12: Synthesizing research across divides,Harvard Data Science Review,NA
articles-published-in-refereed-journals-011,Articles Published in Refereed Journals,11,"Fütterer, T., Omarchevska, Y., Rosenberg, J. M., & Fischer, C. (2024). How do teachers collaborate in informal professional learning activities? An Epistemic Network Analysis. *Journal of Science Education and Technology*, 1-15. <https://link.springer.com/article/10.1007/s10956-024-10122-y%3E>",2024,2024,"Fütterer, T., Omarchevska, Y., Rosenberg, J. M., & Fischer, C",https://link.springer.com/article/10.1007/s10956-024-10122-y,10.1007/s10956-024-10122-y,How do teachers collaborate in informal professional learning activities?,An Epistemic Network Analysis,NA
articles-published-in-refereed-journals-012,Articles Published in Refereed Journals,12,"+Narvaiz, S., Lin, Q., Rosenberg, J. M., Frank, K. A., Maroulis, S. J., Wang, W., & Xu, R. (2024). konfound: An R Sensitivity Analysis Package to Quantify the Robustness of Causal Inferences. *Journal of Open Source Software, 9*(95), 1-6. <https://joss.theoj.org/papers/10.21105/joss.05779.pdf>",2024,2024,"+Narvaiz, S., Lin, Q., Rosenberg, J. M., Frank, K. A., Maroulis, S. J., Wang, W., & Xu, R",https://joss.theoj.org/papers/10.21105/joss.05779.pdf,10.21105/joss.05779.pdf,konfound: An R Sensitivity Analysis Package to Quantify the Robustness of Causal Inferences,"Journal of Open Source Software, 9",NA
articles-published-in-refereed-journals-013,Articles Published in Refereed Journals,13,"Carpenter, J. P., Rosenberg, J. M., Kessler, A., Romero-Hall, E., & Fischer, C. (2024). The importance of context in teacher educators' professional digital competence. *Teachers and Teaching*, 1-17. <https://www.tandfonline.com/doi/full/10.1080/13540602.2024.2320155>",2024,2024,"Carpenter, J. P., Rosenberg, J. M., Kessler, A., Romero-Hall, E., & Fischer, C",https://www.tandfonline.com/doi/full/10.1080/13540602.2024.2320155,10.1080/13540602.2024.2320155,The importance of context in teacher educators' professional digital competence,Teachers and Teaching,NA
articles-published-in-refereed-journals-014,Articles Published in Refereed Journals,14,"Ranellucci, J., & Rosenberg, J. M. (2023). Students' interest, engagement, and achievement in online high school science courses. *Educational Psychology*, 1-19. <https://doi.org/10.1080/01443410.2023.2299703>",2023,2023,"Ranellucci, J., & Rosenberg, J. M",https://doi.org/10.1080/01443410.2023.2299703,10.1080/01443410.2023.2299703,"Students' interest, engagement, and achievement in online high school science courses",Educational Psychology,NA
articles-published-in-refereed-journals-015,Articles Published in Refereed Journals,15,"Staudt Willet, K.B., Rosenberg, J.M. (2023). The design and effects of educational data science workshops for early career researchers. *Journal Formative Design in Learning*. <https://doi.org/10.1007/s41686-023-00083-7>",2023,2023,"Staudt Willet, K.B., Rosenberg, J.M",https://doi.org/10.1007/s41686-023-00083-7,10.1007/s41686-023-00083-7,The design and effects of educational data science workshops for early career researchers,Journal Formative Design in Learning,NA
articles-published-in-refereed-journals-016,Articles Published in Refereed Journals,16,"Hodge, E. M., Rosenberg, J. M., & López, F. A. (2023). ""We Don't Teach Critical Race Theory Here"": A sentiment analysis of K-12 school and district social media Statements. *Peabody Journal of Education*, 1-15. <https://www.tandfonline.com/doi/full/10.1080/0161956X.2023.2261318>",2023,2023,"Hodge, E. M., Rosenberg, J. M., & López, F. A",https://www.tandfonline.com/doi/full/10.1080/0161956X.2023.2261318,10.1080/0161956X.2023.2261318,"""We Don't Teach Critical Race Theory Here"": A sentiment analysis of K-12 school and district social media Statements",Peabody Journal of Education,NA
articles-published-in-refereed-journals-017,Articles Published in Refereed Journals,17,"Garner, A. V., & Rosenberg, J. (2023). Utilizing iNaturalist to support place-based learning and data analysis. *Science Scope, 46*(7), 54-60. <https://www.nsta.org/science-scope/science-scope-fall-2023/using-inaturalist-support-place-based-learning-and-data>",2023,2023,"Garner, A. V., & Rosenberg, J",https://www.nsta.org/science-scope/science-scope-fall-2023/using-inaturalist-support-place-based-learning-and-data,NA,Utilizing iNaturalist to support place-based learning and data analysis,"Science Scope, 46",NA
articles-published-in-refereed-journals-018,Articles Published in Refereed Journals,18,"Rosenberg, J. M. (2023). Open and useful? Exploring the science education resources on OER Commons. *Contemporary Issues in Technology and Teacher Education, 23*(3), 490-507. <https://citejournal.org/wp-content/uploads/2023/07/v23i3Science2.pdf>",2023,2023,"Rosenberg, J. M",https://citejournal.org/wp-content/uploads/2023/07/v23i3Science2.pdf,NA,Open and useful?,Exploring the science education resources on OER Commons,NA
articles-published-in-refereed-journals-019,Articles Published in Refereed Journals,19,"Borchers, C., Rosenberg, J. M., & Swartzentruber, R. M. (2023). Facebook post data: a primer for educational research. *Educational Technology Research and Development*, 1-20. <https://link.springer.com/article/10.1007/s11423-023-10269-2>",2023,2023,"Borchers, C., Rosenberg, J. M., & Swartzentruber, R. M",https://link.springer.com/article/10.1007/s11423-023-10269-2,10.1007/s11423-023-10269-2,Facebook post data: a primer for educational research,Educational Technology Research and Development,NA
articles-published-in-refereed-journals-020,Articles Published in Refereed Journals,20,"Rosenberg, J. M., Beymer, P. N., Phun, V., & Schmidt, J. A. (2023). Using intensive longitudinal methods to quantify the sources of variability for situational engagement in science learning environments. *International Journal of STEM Education, 10*(1), 68. <https://link.springer.com/article/10.1186/s40594-023-00449-0>",2023,2023,"Rosenberg, J. M., Beymer, P. N., Phun, V., & Schmidt, J. A",https://link.springer.com/article/10.1186/s40594-023-00449-0,10.1186/s40594-023-00449-0,Using intensive longitudinal methods to quantify the sources of variability for situational engagement in science learning environments,"International Journal of STEM Education, 10",NA
articles-published-in-refereed-journals-021,Articles Published in Refereed Journals,21,"Kubsch, M., Krist, C., & Rosenberg, J. M. (2023). Distributing Epistemic Functions and Tasks - A framework for augmenting human analytic power with machine learning in science education research. *Journal of Research in Science Teaching*. <https://onlinelibrary.wiley.com/doi/full/10.1002/tea.21803.> *Note.* All authors contributed equally. | NOTE: Recipient of the 2023 Research Worth Reading Award for the Research in Artificial Intelligence in Science Education Research Interest Group, National Association for Research in Science Teaching | NOTE: Recipient of the 2023 GDCP (German Society for the Teaching of Chemistry and Physics) Best Paper Award",2023,2023,"Kubsch, M., Krist, C., & Rosenberg, J. M",https://onlinelibrary.wiley.com/doi/full/10.1002/tea.21803,10.1002/tea.21803,Distributing Epistemic Functions and Tasks - A framework for augmenting human analytic power with machine learning in science education research,Journal of Research in Science Teaching,"Recipient of the 2023 Research Worth Reading Award for the Research in Artificial Intelligence in Science Education Research Interest Group, National Association for Research in Science Teaching | NOTE: Recipient of the 2023 GDCP (German Society for the Teaching of Chemistry and Physics) Best Paper Award"
articles-published-in-refereed-journals-022,Articles Published in Refereed Journals,22,"Carpenter, J. P., Morrison, S. A., Rosenberg, J. M., & Hawthorne, K. A. (2023). Using social media in pre-service teacher education: The case of a program-wide twitter hashtag. *Teaching and Teacher Education, 124*, 1-17. <https://www.sciencedirect.com/science/article/pii/S0742051X23000240>",2023,2023,"Carpenter, J. P., Morrison, S. A., Rosenberg, J. M., & Hawthorne, K. A",https://www.sciencedirect.com/science/article/pii/S0742051X23000240,NA,Using social media in pre-service teacher education: The case of a program-wide twitter hashtag,"Teaching and Teacher Education, 124",NA
articles-published-in-refereed-journals-023,Articles Published in Refereed Journals,23,"Rosenberg, J., \^Borchers, C., Stegenga, S. M., \^Burchfield, M. A., Anderson, D., & Fischer, C. (2022). How educational institutions reveal students' personally identifiable information on Facebook. *Learning, Media, & Technology.* <https://www.tandfonline.com/doi/full/10.1080/17439884.2022.2140672>",2022,2022,"Rosenberg, J., \^Borchers, C., Stegenga, S. M., \^Burchfield, M. A., Anderson, D., & Fischer, C",https://www.tandfonline.com/doi/full/10.1080/17439884.2022.2140672,10.1080/17439884.2022.2140672,How educational institutions reveal students' personally identifiable information on Facebook,"Learning, Media, & Technology",NA
articles-published-in-refereed-journals-024,Articles Published in Refereed Journals,24,"Rosenberg, J. M., \^Borchers, C., \^Burchfield, M. A., Anderson, D., Stegenga, S. M., & Fischer, C. (2022). Posts about students on Facebook: A data ethics perspective. *Educational Researcher, 51*(8), 547-550. <https://journals.sagepub.com/doi/full/10.3102/0013189X221120538>",2022,2022,"Rosenberg, J. M., \^Borchers, C., \^Burchfield, M. A., Anderson, D., Stegenga, S. M., & Fischer, C",https://journals.sagepub.com/doi/full/10.3102/0013189X221120538,10.3102/0013189X221120538,Posts about students on Facebook: A data ethics perspective,"Educational Researcher, 51",NA
articles-published-in-refereed-journals-025,Articles Published in Refereed Journals,25,"Rosenberg, J. M., Kubsch, M., Wagenmakers, E.-J., & Dogucu, M. (2022). Making sense of uncertainty in the science classroom: A Bayesian approach. *Science & Education*, 31, 1239–1262. <https://link.springer.com/article/10.1007/s11191-022-00341-3>",2022,2022,"Rosenberg, J. M., Kubsch, M., Wagenmakers, E.-J., & Dogucu, M",https://link.springer.com/article/10.1007/s11191-022-00341-3,10.1007/s11191-022-00341-3,Making sense of uncertainty in the science classroom: A Bayesian approach,Science & Education,NA
articles-published-in-refereed-journals-026,Articles Published in Refereed Journals,26,"Jones. R. S., & Rosenberg, J. M. (2022). Characterizing whole class discussions about data and statistics with conversation profile analysis. *Journal of Mathematical Behavior, 67*, 1-16. <https://www.sciencedirect.com/science/article/abs/pii/S0732312322000645>",2022,2022,"Jones. R. S., & Rosenberg, J. M",https://www.sciencedirect.com/science/article/abs/pii/S0732312322000645,NA,Characterizing whole class discussions about data and statistics with conversation profile analysis,"Journal of Mathematical Behavior, 67",NA
articles-published-in-refereed-journals-027,Articles Published in Refereed Journals,27,"Rosenberg, J. M., Schultheis, E., Kjelvik, M., Reedy, A., & +Sultana, O. (2022). Big data, big changes? A survey of K-12 science teachers in the United States on which data sources and tools they use in the classroom. *British Journal of Educational Technology, 53*(5), 1179-1201. <https://bera-journals.onlinelibrary.wiley.com/doi/10.1111/bjet.13245>",2022,2022,"Rosenberg, J. M., Schultheis, E., Kjelvik, M., Reedy, A., & +Sultana, O",https://bera-journals.onlinelibrary.wiley.com/doi/10.1111/bjet.13245,10.1111/bjet.13245,"Big data, big changes?",A survey of K-12 science teachers in the United States on which data sources and tools they use in the classroom,NA
articles-published-in-refereed-journals-028,Articles Published in Refereed Journals,28,"+Michela, E., Rosenberg, J., Kimmons, R., +Sultana, O., \^Burchfield, M. A., & \^Thomas, T. (2022). ""We are trying to communicate the best we can"": Understanding districts' communication on Twitter during the COVID-19 pandemic. *AERA Open, 8*, 1-18. <https://doi.org/10.1177/23328584221078542>",2022,2022,"+Michela, E., Rosenberg, J., Kimmons, R., +Sultana, O., \^Burchfield, M. A., & \^Thomas, T",https://doi.org/10.1177/23328584221078542,10.1177/23328584221078542,"""We are trying to communicate the best we can"": Understanding districts' communication on Twitter during the COVID-19 pandemic","AERA Open, 8",NA
articles-published-in-refereed-journals-029,Articles Published in Refereed Journals,29,"Trout Fryxell, R. T., Camponovo, M., Smith, B., Butefish, K., Rosenberg, J. M., Andsager, J. L., ... & Willis, M. P. (2022). Development of a community-driven mosquito surveillance program for vectors of La Crosse virus to educate, inform, and empower a community. *Insects, 13*(2), 164. <https://www.mdpi.com/2075-4450/13/2/164>",2022,2022,"Trout Fryxell, R. T., Camponovo, M., Smith, B., Butefish, K., Rosenberg, J. M., Andsager, J. L., ... & Willis, M. P",https://www.mdpi.com/2075-4450/13/2/164,NA,"Development of a community-driven mosquito surveillance program for vectors of La Crosse virus to educate, inform, and empower a community","Insects, 13",NA
articles-published-in-refereed-journals-030,Articles Published in Refereed Journals,30,"Rutherford, T., Duck, K., Rosenberg, J. M., & Patt, R. (2022). Leveraging mathematics software data to understand student learning and motivation during the COVID-19 pandemic. *Journal of Research on Technology in Education, 54*(1), 94-131. <https://www.tandfonline.com/doi/full/10.1080/15391523.2021.1920520>",2022,2022,"Rutherford, T., Duck, K., Rosenberg, J. M., & Patt, R",https://www.tandfonline.com/doi/full/10.1080/15391523.2021.1920520,10.1080/15391523.2021.1920520,Leveraging mathematics software data to understand student learning and motivation during the COVID-19 pandemic,"Journal of Research on Technology in Education, 54",NA
articles-published-in-refereed-journals-031,Articles Published in Refereed Journals,31,"Aguilar, S. J., Rosenberg, J., Greenhalgh, S., Fütterer, T., Lishinski, A., & Fischer, C. (2021). A different experience in a different moment? Teachers' social media use before and during the COVID-19 pandemic. *AERA Open, 7*, 1-17. <https://journals.sagepub.com/doi/full/10.1177/23328584211063898>",2021,2021,"Aguilar, S. J., Rosenberg, J., Greenhalgh, S., Fütterer, T., Lishinski, A., & Fischer, C",https://journals.sagepub.com/doi/full/10.1177/23328584211063898,10.1177/23328584211063898,A different experience in a different moment?,Teachers' social media use before and during the COVID-19 pandemic,NA
articles-published-in-refereed-journals-032,Articles Published in Refereed Journals,32,"+Lawson, M. A., Herrick, I., R., & Rosenberg, J. M. (2021). Better together: Mathematics and science pre-service teachers' sensemaking about STEM. *Educational Technology & Society, 24*(4), 180–192.",2021,2021,"+Lawson, M. A., Herrick, I., R., & Rosenberg, J. M",NA,NA,Better together: Mathematics and science pre-service teachers' sensemaking about STEM,"Educational Technology & Society, 24",NA
articles-published-in-refereed-journals-033,Articles Published in Refereed Journals,33,"Schweinsburg, M., ... Luis, S. (2021). Same data, different conclusions: Radical dispersion in empirical results. *Organizational Behavior and Human Decision Processes, 165*(7), 228-249. <https://www.sciencedirect.com/science/article/pii/S0749597821000200> (*Note.* I was an author and contributor to this large-scale, collaborative project.)",2021,2021,"Schweinsburg, M., ... Luis, S",https://www.sciencedirect.com/science/article/pii/S0749597821000200,NA,"Same data, different conclusions: Radical dispersion in empirical results","Organizational Behavior and Human Decision Processes, 165",NA
articles-published-in-refereed-journals-034,Articles Published in Refereed Journals,34,"Greenhalgh, S. P., Rosenberg, J. M., & Russell, A. (2021). The influence of policy and context on teachers' social media use. *The British Journal of Educational Technology, 52*(5), 2020-2037. <https://bera-journals.onlinelibrary.wiley.com/doi/10.1111/bjet.13096?af=R>",2021,2021,"Greenhalgh, S. P., Rosenberg, J. M., & Russell, A",https://bera-journals.onlinelibrary.wiley.com/doi/10.1111/bjet.13096?af=R,10.1111/bjet.13096,The influence of policy and context on teachers' social media use,"The British Journal of Educational Technology, 52",NA
articles-published-in-refereed-journals-035,Articles Published in Refereed Journals,35,"Frank, K. A., Lin, Q., Maroulis, S., Strassman, A., Xu, R., Rosenberg, J. M., Hayter, C., Mahmoud, R., Kolak, M., Dietz, T., & Zhang, L. (2021). Hypothetical case replacement can be used to quantify the robustness of trial results. *Journal of Clinical Epidemiology, 134*(6), 150-159. <https://www.sciencedirect.com/science/article/pii/S0895435621000366> *Note.* I was a scientific programmer for this project.",2021,2021,"Frank, K. A., Lin, Q., Maroulis, S., Strassman, A., Xu, R., Rosenberg, J. M., Hayter, C., Mahmoud, R., Kolak, M., Dietz, T., & Zhang, L",https://www.sciencedirect.com/science/article/pii/S0895435621000366,NA,Hypothetical case replacement can be used to quantify the robustness of trial results,"Journal of Clinical Epidemiology, 134",NA
articles-published-in-refereed-journals-036,Articles Published in Refereed Journals,36,"Rosenberg, J. M., \^Borchers, C., Dyer, E., Anderson, D. J., & Fischer, C. (2021). Advancing new methods for understanding public sentiment about educational reforms: The case of Twitter and the Next Generation Science Standards. *AERA Open, 7*, 1-17. <https://journals.sagepub.com/doi/10.1177/23328584211024261>",2021,2021,"Rosenberg, J. M., \^Borchers, C., Dyer, E., Anderson, D. J., & Fischer, C",https://journals.sagepub.com/doi/10.1177/23328584211024261,10.1177/23328584211024261,Advancing new methods for understanding public sentiment about educational reforms: The case of Twitter and the Next Generation Science Standards,"AERA Open, 7",NA
articles-published-in-refereed-journals-037,Articles Published in Refereed Journals,37,"Ranellucci, J., Robinson, K., Rosenberg, J. M., Lee, Y.-K., Roseth, C., & Linnenbrink-Garcia. (2021). Comparing the roles and correlates of emotions in class and during online video lectures in a flipped anatomy classroom. *Contemporary Educational Psychology, 64*(4), 1-15. <https://doi.org/10.1016/j.cedpsych.2021.101966>",2021,2021,"Ranellucci, J., Robinson, K., Rosenberg, J. M., Lee, Y.-K., Roseth, C., & Linnenbrink-Garcia",https://doi.org/10.1016/j.cedpsych.2021.101966,10.1016/j.cedpsych.2021.101966,Comparing the roles and correlates of emotions in class and during online video lectures in a flipped anatomy classroom,"Contemporary Educational Psychology, 64",NA
articles-published-in-refereed-journals-038,Articles Published in Refereed Journals,38,"Akcaoglu, M., Rosenberg, J. M., Hodges, C. B., Hilpert, J. (2021). An exploration of factors impacting middle school students' attitudes toward computer programming. *Computers in the Schools, 38*(1), 19-35. <https://doi.org/10.1080/07380569.2021.1882209>",2021,2021,"Akcaoglu, M., Rosenberg, J. M., Hodges, C. B., Hilpert, J",https://doi.org/10.1080/07380569.2021.1882209,10.1080/07380569.2021.1882209,An exploration of factors impacting middle school students' attitudes toward computer programming,"Computers in the Schools, 38",NA
articles-published-in-refereed-journals-039,Articles Published in Refereed Journals,39,"Rosenberg, J. M., & Krist, C. (2021). Combining machine learning and qualitative methods to elaborate students' ideas about the generality of their model-based explanations. *Journal of Science Education and Technology, 30*(2), 255-267. <https://link.springer.com/article/10.1007%2Fs10956-020-09862-4.> *Note.* Both authors contributed equally.",2021,2021,"Rosenberg, J. M., & Krist, C",https://link.springer.com/article/10.1007%2Fs10956-020-09862-4,NA,Combining machine learning and qualitative methods to elaborate students' ideas about the generality of their model-based explanations,"Journal of Science Education and Technology, 30",NA
articles-published-in-refereed-journals-040,Articles Published in Refereed Journals,40,"Rosenberg, J. M., & Staudt Willet, K. B. (2021). Balancing participants' privacy and open science in the context of COVID-19: A response to Ifenthaler & Schumacher (2016). *Educational Technology Research & Development, 69*(1), 347-351. <https://link.springer.com/article/10.1007/s11423-020-09860-8>",2021,2021,"Rosenberg, J. M., & Staudt Willet, K. B",https://link.springer.com/article/10.1007/s11423-020-09860-8,10.1007/s11423-020-09860-8,Balancing participants' privacy and open science in the context of COVID-19: A response to Ifenthaler & Schumacher (2016),"Educational Technology Research & Development, 69",NA
articles-published-in-refereed-journals-041,Articles Published in Refereed Journals,41,"Harper, F. K., Rosenberg, J. M., \^Comperry, S., \^Howell, K., & \^Womble, S. (2021). #Mathathome during the COVID-19 Pandemic: Exploring and reimagining resources and social supports for parents. *Education Sciences, 11*(2), 60, 1-24. <https://www.mdpi.com/2227-7102/11/2/60>",2021,2021,"Harper, F. K., Rosenberg, J. M., \^Comperry, S., \^Howell, K., & \^Womble, S",https://www.mdpi.com/2227-7102/11/2/60,NA,#Mathathome during the COVID-19 Pandemic: Exploring and reimagining resources and social supports for parents,"Education Sciences, 11",NA
articles-published-in-refereed-journals-042,Articles Published in Refereed Journals,42,"Anderson, D. J., Rowley, B., Stegenga, S., Irvin, P. S., & Rosenberg, J. M. (2020). Evaluating content-related validity evidence using a text-based, machine learning procedure. *Educational Measurement: Issues and Practice, 39*(4), 53-64. <https://onlinelibrary.wiley.com/doi/abs/10.1111/emip.12314>",2020,2020,"Anderson, D. J., Rowley, B., Stegenga, S., Irvin, P. S., & Rosenberg, J. M",https://onlinelibrary.wiley.com/doi/abs/10.1111/emip.12314,10.1111/emip.12314,"Evaluating content-related validity evidence using a text-based, machine learning procedure","Educational Measurement: Issues and Practice, 39",NA
articles-published-in-refereed-journals-043,Articles Published in Refereed Journals,43,"Rosenberg, J. M., Reid, J., Dyer, E., Koehler, M. J., Fischer, C., & McKenna, T. J. (2020). Idle chatter or compelling conversation? The potential of the social media-based #NGSSchat network as a support for science education reform efforts. *Journal of Research in Science Teaching, 57*(9), 1322-1355. <https://onlinelibrary.wiley.com/doi/10.1002/tea.21660>",2020,2020,"Rosenberg, J. M., Reid, J., Dyer, E., Koehler, M. J., Fischer, C., & McKenna, T. J",https://onlinelibrary.wiley.com/doi/10.1002/tea.21660,10.1002/tea.21660,Idle chatter or compelling conversation?,The potential of the social media-based #NGSSchat network as a support for science education reform efforts,NA
articles-published-in-refereed-journals-044,Articles Published in Refereed Journals,44,"Carpenter, J., Rosenberg, J. M., Dousay, T., Romero-Hall, E., Trust, T., Kessler, A., Phillips, M., Morrison, S., Fischer, C. & Krutka, D. (2020). What should teacher educators know about technology? Perspectives and self-assessments. *Teaching and Teacher Education, 95*(10), 103-124. <https://doi.org/10.1016/j.tate.2020.103124>",2020,2020,"Carpenter, J., Rosenberg, J. M., Dousay, T., Romero-Hall, E., Trust, T., Kessler, A., Phillips, M., Morrison, S., Fischer, C. & Krutka, D",https://doi.org/10.1016/j.tate.2020.103124,10.1016/j.tate.2020.103124,What should teacher educators know about technology?,Perspectives and self-assessments,NA
articles-published-in-refereed-journals-045,Articles Published in Refereed Journals,45,"Ranellucci, J., Rosenberg, J. M., & Poitras, E. (2020). Exploring pre-service teachers' use of technology: The technology acceptance model and expectancy-value theory. *Journal of Computer Assisted Learning, 36*(6), 810-824. <http://dx.doi.org/10.1111/jcal.12459>",2020,2020,"Ranellucci, J., Rosenberg, J. M., & Poitras, E",http://dx.doi.org/10.1111/jcal.12459,10.1111/jcal.12459,Exploring pre-service teachers' use of technology: The technology acceptance model and expectancy-value theory,"Journal of Computer Assisted Learning, 36",NA
articles-published-in-refereed-journals-046,Articles Published in Refereed Journals,46,"Schmidt, J. A., Beymer, P. N., Rosenberg, J. M., Naftzger, N. J., & Shumow, L. (2020). Experiences, activities, and personal characteristics as predictors of engagement in STEM-focused summer programs. *Journal of Research in Science Teaching, 57*(8), 1281-1309. <https://onlinelibrary.wiley.com/doi/full/10.1002/tea.21630>",2020,2020,"Schmidt, J. A., Beymer, P. N., Rosenberg, J. M., Naftzger, N. J., & Shumow, L",https://onlinelibrary.wiley.com/doi/full/10.1002/tea.21630,10.1002/tea.21630,"Experiences, activities, and personal characteristics as predictors of engagement in STEM-focused summer programs","Journal of Research in Science Teaching, 57",NA
articles-published-in-refereed-journals-047,Articles Published in Refereed Journals,47,"Greenhalgh, S. P., Rosenberg, J. M., Koehler, M. J., Akcaoglu, M., & Staudt Willet, K. B. (2020). Identifying multiple learning spaces within a single teacher-focused Twitter hashtag. *Computers & Education, 148*(4). <https://doi.org/10.1016/j.compedu.2020.103809>",2020,2020,"Greenhalgh, S. P., Rosenberg, J. M., Koehler, M. J., Akcaoglu, M., & Staudt Willet, K. B",https://doi.org/10.1016/j.compedu.2020.103809,10.1016/j.compedu.2020.103809,Identifying multiple learning spaces within a single teacher-focused Twitter hashtag,"Computers & Education, 148",NA
articles-published-in-refereed-journals-048,Articles Published in Refereed Journals,48,"Beymer, P. N., Rosenberg, J. M., & Schmidt, J. A. (2020). Does choice matter or is it all about interest? An investigation using an experience sampling approach in high school science classrooms. *Learning and Individual Differences, 78*(2), 1-15. <https://doi.org/10.1016/j.lindif.2019.101812>",2020,2020,"Beymer, P. N., Rosenberg, J. M., & Schmidt, J. A",https://doi.org/10.1016/j.lindif.2019.101812,10.1016/j.lindif.2019.101812,Does choice matter or is it all about interest?,An investigation using an experience sampling approach in high school science classrooms,NA
articles-published-in-refereed-journals-049,Articles Published in Refereed Journals,49,"Rosenberg, J. M., +Edwards, A., & Chen, B. (2020). Getting messy with data: Tools and strategies to help students analyze and interpret complex data sources. *The Science Teacher, 87*(5). <https://learningcenter.nsta.org/resource/?id=10.2505/4/tst20_087_05_30>",2020,2020,"Rosenberg, J. M., +Edwards, A., & Chen, B",https://learningcenter.nsta.org/resource/?id=10.2505/4/tst20_087_05_30,10.2505/4/tst20_087_05_30,Getting messy with data: Tools and strategies to help students analyze and interpret complex data sources,"The Science Teacher, 87",NA
articles-published-in-refereed-journals-050,Articles Published in Refereed Journals,50,"Xu, R., Frank, K. A., Maroulis, S., & Rosenberg, J. M. (2019). konfound: Command to quantify robustness of causal inferences. *The Stata Journal, 19*(3), 523-550. <https://journals.sagepub.com/doi/full/10.1177/1536867X19874223>",2019,2019,"Xu, R., Frank, K. A., Maroulis, S., & Rosenberg, J. M",https://journals.sagepub.com/doi/full/10.1177/1536867X19874223,10.1177/1536867X19874223,konfound: Command to quantify robustness of causal inferences,"The Stata Journal, 19",NA
articles-published-in-refereed-journals-051,Articles Published in Refereed Journals,51,"Blondel, D. V., Sansone, A., Rosenberg, J. M., Yang, B. W., Linennbrink-Garcia, L., & Schwarz-Bloom, R. D. (2019). Development of an online experiment platform (Rex) for high school biology. *Journal of Formative Design for Learning, 3*(1) 62-81. <https://www.ncbi.nlm.nih.gov/pmc/articles/PMC6716597/>",2019,2019,"Blondel, D. V., Sansone, A., Rosenberg, J. M., Yang, B. W., Linennbrink-Garcia, L., & Schwarz-Bloom, R. D",https://www.ncbi.nlm.nih.gov/pmc/articles/PMC6716597/,NA,Development of an online experiment platform (Rex) for high school biology,"Journal of Formative Design for Learning, 3",NA
articles-published-in-refereed-journals-052,Articles Published in Refereed Journals,52,"Henriksen, D., Mehta, R. & Rosenberg, J. (2019). Supporting a creatively focused technology fluent mindset among educators: survey results from a five-year inquiry into teachers' confidence in using technology. *Journal of Technology and Teacher Education, 27*(1), 63-95. <https://www.learntechlib.org/primary/p/184724/>",2019,2019,"Henriksen, D., Mehta, R. & Rosenberg, J",https://www.learntechlib.org/primary/p/184724/,NA,Supporting a creatively focused technology fluent mindset among educators: survey results from a five-year inquiry into teachers' confidence in using technology,"Journal of Technology and Teacher Education, 27",NA
articles-published-in-refereed-journals-053,Articles Published in Refereed Journals,53,"Rosenberg, J. M., & +Lawson, M. J. (2019). An investigation of students' use of a computational science simulation in an online high school physics class. *Education Sciences, 9*(49), 1-19. <https://www.mdpi.com/2227-7102/9/1/49>",2019,2019,"Rosenberg, J. M., & +Lawson, M. J",https://www.mdpi.com/2227-7102/9/1/49,NA,An investigation of students' use of a computational science simulation in an online high school physics class,"Education Sciences, 9",NA
articles-published-in-refereed-journals-054,Articles Published in Refereed Journals,54,"Rosenberg, J. M., Beymer, P. N., Anderson, D. J., & Schmidt, J. A. (2018). tidyLPA: An R package to easily carry out Latent Profile Analysis (LPA) using open-source or commercial software. *Journal of Open Source Software, 3*(30), 978. <https://doi.org/10.21105/joss.00978>",2018,2018,"Rosenberg, J. M., Beymer, P. N., Anderson, D. J., & Schmidt, J. A",https://doi.org/10.21105/joss.00978,10.21105/joss.00978,tidyLPA: An R package to easily carry out Latent Profile Analysis (LPA) using open-source or commercial software,"Journal of Open Source Software, 3",NA
articles-published-in-refereed-journals-055,Articles Published in Refereed Journals,55,"Greenhalgh, S. P., Staudt Willet, K. B., Rosenberg, J. M., & Koehler, M. J. (2018). Tweet, and we shall find: Using digital methods to locate participants in educational hashtags. *TechTrends, 62*(5), 501-508. <https://doi.org/10.1007/s11528-018-0313-6>",2018,2018,"Greenhalgh, S. P., Staudt Willet, K. B., Rosenberg, J. M., & Koehler, M. J",https://doi.org/10.1007/s11528-018-0313-6,10.1007/s11528-018-0313-6,"Tweet, and we shall find: Using digital methods to locate participants in educational hashtags","TechTrends, 62",NA
articles-published-in-refereed-journals-056,Articles Published in Refereed Journals,56,"Beymer, P. N., Rosenberg, J. M., Schmidt, J. A., & Naftzger, N. (2018). Examining relationships between choice, affect, and engagement in out-of-school time STEM programs. *Journal of Youth and Adolescence, 47*(6), 1178-1191. <https://doi.org/10.1007/s10964-018-0814-9>",2018,2018,"Beymer, P. N., Rosenberg, J. M., Schmidt, J. A., & Naftzger, N",https://doi.org/10.1007/s10964-018-0814-9,10.1007/s10964-018-0814-9,"Examining relationships between choice, affect, and engagement in out-of-school time STEM programs","Journal of Youth and Adolescence, 47",NA
articles-published-in-refereed-journals-057,Articles Published in Refereed Journals,57,"Akcaoglu, M., Rosenberg, J. M., Ranellucci, J., & Schwarz, C. V. (2018). Outcomes from a self-generated utility value intervention on fifth and sixth-grade students' value and interest in science. *International Journal of Educational Research, 87*, 67-77. <https://www.sciencedirect.com/science/article/pii/S0883035517308492>",2018,2018,"Akcaoglu, M., Rosenberg, J. M., Ranellucci, J., & Schwarz, C. V",https://www.sciencedirect.com/science/article/pii/S0883035517308492,NA,Outcomes from a self-generated utility value intervention on fifth and sixth-grade students' value and interest in science,"International Journal of Educational Research, 87",NA
articles-published-in-refereed-journals-058,Articles Published in Refereed Journals,58,"Schmidt, J. A., Rosenberg, J. M., & Beymer, P. (2018). A person-in-context approach to student engagement in science: Examining learning activities and choice. *Journal of Research in Science Teaching, 55*(1), 19-43. <https://dx.doi.org/10.1002/tea.21409> (*Note. This article was recognized as one of the 20 most-downloaded articles in JRST between June, 2016 and June, 2018*)",2018,2018,"Schmidt, J. A., Rosenberg, J. M., & Beymer, P",https://dx.doi.org/10.1002/tea.21409,10.1002/tea.21409,A person-in-context approach to student engagement in science: Examining learning activities and choice,"Journal of Research in Science Teaching, 55",NA
articles-published-in-refereed-journals-059,Articles Published in Refereed Journals,59,"Rosenberg, J.M., Greenhalgh, S.P., Graves Wolf, L. & Koehler, M.J. (2017). Strategies, use, and impact of social media for supporting teacher community within professional development: The case of one urban STEM program. *Journal of Computers in Mathematics and Science Teaching, 36*(3), 255-267. <https://www.learntechlib.org/primary/p/180387/>",2017,2017,"Rosenberg, J.M., Greenhalgh, S.P., Graves Wolf, L. & Koehler, M.J",https://www.learntechlib.org/primary/p/180387/,NA,"Strategies, use, and impact of social media for supporting teacher community within professional development: The case of one urban STEM program","Journal of Computers in Mathematics and Science Teaching, 36",NA
articles-published-in-refereed-journals-060,Articles Published in Refereed Journals,60,"Koehler, M. J., Greenhalgh, S. P., Rosenberg, M. J., & Keenan, S. (2017). What the tech is going on with digital teaching portfolios? Using the TPACK framework to analyze teachers' technological understanding. *Journal of Technology and Teacher Education, 25*, 31-59. <http://www.learntechlib.org/p/173346/>",2017,2017,"Koehler, M. J., Greenhalgh, S. P., Rosenberg, M. J., & Keenan, S",http://www.learntechlib.org/p/173346/,NA,What the tech is going on with digital teaching portfolios?,Using the TPACK framework to analyze teachers' technological understanding,NA
articles-published-in-refereed-journals-061,Articles Published in Refereed Journals,61,"Rosenberg, J. M., Greenhalgh, S. P., Koehler, M. J., Hamilton, E., & Akcaoglu, M. (2016). An investigation of State Educational Twitter Hashtags (SETHs) as affinity spaces. *E-Learning and Digital Media, 13*(1-2), 24-44. <http://dx.doi.org/10.1177/2042753016672351>",2016,2016,"Rosenberg, J. M., Greenhalgh, S. P., Koehler, M. J., Hamilton, E., & Akcaoglu, M",http://dx.doi.org/10.1177/2042753016672351,10.1177/2042753016672351,An investigation of State Educational Twitter Hashtags (SETHs) as affinity spaces,"E-Learning and Digital Media, 13",NA
articles-published-in-refereed-journals-062,Articles Published in Refereed Journals,62,"Greenhalgh, S. P., Rosenberg, J. M., & Wolf, L. G. (2016). For all intents and purposes: Twitter as a foundational technology for teachers. *E-Learning and Digital Media, 13*(1-2), 81-98. <http://dx.doi.org/10.1177/2042753016672131>",2016,2016,"Greenhalgh, S. P., Rosenberg, J. M., & Wolf, L. G",http://dx.doi.org/10.1177/2042753016672131,10.1177/2042753016672131,For all intents and purposes: Twitter as a foundational technology for teachers,"E-Learning and Digital Media, 13",NA
articles-published-in-refereed-journals-063,Articles Published in Refereed Journals,63,"Hamilton, E., Rosenberg, J. M., & Akcaoglu, M. (2016). Examining the Substitution Augmentation Modification Redefinition (SAMR) model for technology integration. *Tech Trends, 60*, 433-441. <http://dx.doi.org/10.1007/s11528-016-0091-y>",2016,2016,"Hamilton, E., Rosenberg, J. M., & Akcaoglu, M",http://dx.doi.org/10.1007/s11528-016-0091-y,10.1007/s11528-016-0091-y,Examining the Substitution Augmentation Modification Redefinition (SAMR) model for technology integration,"Tech Trends, 60",NA
articles-published-in-refereed-journals-064,Articles Published in Refereed Journals,64,"Rosenberg, J. M., Terry, C. A., Bell, J., Hiltz, V., & Russo, T. (2016). Design guidelines for graduate program social media use. *Tech Trends, 2*, 167-175. <http://dx.doi.org/10.1007/s11528-016-0023-x>",2016,2016,"Rosenberg, J. M., Terry, C. A., Bell, J., Hiltz, V., & Russo, T",http://dx.doi.org/10.1007/s11528-016-0023-x,10.1007/s11528-016-0023-x,Design guidelines for graduate program social media use,"Tech Trends, 2",NA
articles-published-in-refereed-journals-065,Articles Published in Refereed Journals,65,"Rosenberg, J. M., & Koehler, M. J. (2015). Context and Technological Pedagogical Content Knowledge (TPACK): A systematic review. *Journal of Research on Technology in Education, 47*, 186-210. <http://dx.doi.org/10.1080/15391523.2015.1052663>",2015,2015,"Rosenberg, J. M., & Koehler, M. J",http://dx.doi.org/10.1080/15391523.2015.1052663,10.1080/15391523.2015.1052663,Context and Technological Pedagogical Content Knowledge (TPACK): A systematic review,"Journal of Research on Technology in Education, 47",NA
reports-001,Reports,1,"National Academies of Sciences, Engineering, and Medicine. (2026). *Data and Computing in K-12 Education: Foundational Competencies*. Washington, DC: National Academies Press. <https://doi.org/10.17226/29303>. *N.b.* I contributed as a committee member.",2026,2026,"National Academies of Sciences, Engineering, and Medicine",https://doi.org/10.17226/29303,10.17226/29303,Data and Computing in K-12 Education: Foundational Competencies,Washington,NA
commissioned-papers-white-papers-reports-and-articles-in-the-popular-press-001,"Commissioned Papers, White Papers, Reports, and Articles in the Popular Press",1,"Bilal, D., Fagan, J., Rius, A., Vogiatzis, K., Liu, C., Dahms, H., Duncan, L., Kim, H., Odoi, A., Rosenberg, J., Singh, V., & Sobes, V. (2023). *AI TENNessee Initiative: Education. AI Tennessee Initiative*. *N.b.* I co-chaired the committee that wrote this white paper with C. Liu.",2023,2023,"Bilal, D., Fagan, J., Rius, A., Vogiatzis, K., Liu, C., Dahms, H., Duncan, L., Kim, H., Odoi, A., Rosenberg, J., Singh, V., & Sobes, V",NA,NA,*AI TENNessee Initiative: Education,AI Tennessee Initiative,NA
commissioned-papers-white-papers-reports-and-articles-in-the-popular-press-002,"Commissioned Papers, White Papers, Reports, and Articles in the Popular Press",2,"Rosenberg, J. M., & Jones, R. S. (2022). *K-12 data science learning*. Paper commissioned by the National Academies of Sciences, Engineering, and Medicine for *Foundations of Data Science for Students in Grades K-12: A Workshop*. <https://www.nationalacademies.org/event/09-13-2022/docs/DD667E469D0EC5DD91A7D85BC839A9852491A3CF9F15>",2022,2022,"Rosenberg, J. M., & Jones, R. S",https://www.nationalacademies.org/event/09-13-2022/docs/DD667E469D0EC5DD91A7D85BC839A9852491A3CF9F15,NA,K-12 data science learning,Paper commissioned by the National Academies of Sciences,NA
commissioned-papers-white-papers-reports-and-articles-in-the-popular-press-003,"Commissioned Papers, White Papers, Reports, and Articles in the Popular Press",3,"Rosenberg, J. M. (2021). School posts on Facebook could threaten student privacy. *The Conversation*. <https://theconversation.com/school-posts-on-facebook-could-threaten-student-privacy-160248>",2021,2021,"Rosenberg, J. M",https://theconversation.com/school-posts-on-facebook-could-threaten-student-privacy-160248,NA,School posts on Facebook could threaten student privacy,The Conversation,NA
commissioned-papers-white-papers-reports-and-articles-in-the-popular-press-004,"Commissioned Papers, White Papers, Reports, and Articles in the Popular Press",4,"Rosenberg, J. M. (2020). Open-source authorship of data science in education using R. *R Views*. <https://rviews.rstudio.com/2020/07/01/open-source-authorship-of-data-science-in-education-using-r/>",2020,2020,"Rosenberg, J. M",https://rviews.rstudio.com/2020/07/01/open-source-authorship-of-data-science-in-education-using-r/,NA,Open-source authorship of data science in education using R,R Views,NA
commissioned-papers-white-papers-reports-and-articles-in-the-popular-press-005,"Commissioned Papers, White Papers, Reports, and Articles in the Popular Press",5,"Rosenberg, J. M. (2018). Opportunities for engaging students in ""data practices"" in online science classes. *Michigan Virtual Learning Research Institute Blog: Research, Policy, Innovation & Networks*. <https://mvlri.org/blog/opportunities-engaging-students-data-practices-online-science-classes/>",2018,2018,"Rosenberg, J. M",https://mvlri.org/blog/opportunities-engaging-students-data-practices-online-science-classes/,NA,"Opportunities for engaging students in ""data practices"" in online science classes","Michigan Virtual Learning Research Institute Blog: Research, Policy, Innovation & Networks",NA
commissioned-papers-white-papers-reports-and-articles-in-the-popular-press-006,"Commissioned Papers, White Papers, Reports, and Articles in the Popular Press",6,"Rosenberg, J. M., & Ranellucci, J. (2017). Student motivation in online science courses: A path to spending more time on course and higher achievement. *Michigan Virtual Learning Research Institute Blog: Research, Policy, Innovation & Networks*. <https://mvlri.org/blog/student-motivation-in-online-science-courses-a-path-to-spending-more-time-on-course-and-higher-achievement/>",2017,2017,"Rosenberg, J. M., & Ranellucci, J",https://mvlri.org/blog/student-motivation-in-online-science-courses-a-path-to-spending-more-time-on-course-and-higher-achievement/,NA,Student motivation in online science courses: A path to spending more time on course and higher achievement,"Michigan Virtual Learning Research Institute Blog: Research, Policy, Innovation & Networks",NA
commissioned-papers-white-papers-reports-and-articles-in-the-popular-press-007,"Commissioned Papers, White Papers, Reports, and Articles in the Popular Press",7,"Naftzger, N., Schmidt, J. A., Shumow, L., Beymer, P. N., & Rosenberg, J. M. (2019). *Exploring the link between STEM activity leader practice and youth engagement: Findings from the STEM IE study*. Washington, DC: American Institutes for Research. <https://www.informalscience.org/exploring-link-between-stem-activity-leader-practice-and-youth-engagement-findings-stem-ie-study>",2019,2019,"Naftzger, N., Schmidt, J. A., Shumow, L., Beymer, P. N., & Rosenberg, J. M",https://www.informalscience.org/exploring-link-between-stem-activity-leader-practice-and-youth-engagement-findings-stem-ie-study,NA,Exploring the link between STEM activity leader practice and youth engagement: Findings from the STEM IE study,Washington,NA
editor-reviewed-articles-published-in-journals-001,Editor-Reviewed Articles Published in Journals,1,"Allman, B., Kimmons, R., +Wang, W., +Bao, H., Rosenberg, J. M., & Koehler, M. J. (2024). Trends and topics in educational technology, 2024 edition. *TechTrends.* <https://doi.org/10.1007/s11528-024-00950-5>",2024,2024,"Allman, B., Kimmons, R., +Wang, W., +Bao, H., Rosenberg, J. M., & Koehler, M. J",https://doi.org/10.1007/s11528-024-00950-5,10.1007/s11528-024-00950-5,"Trends and topics in educational technology, 2024 edition",TechTrends,NA
editor-reviewed-articles-published-in-journals-002,Editor-Reviewed Articles Published in Journals,2,"Allman, B., Kimmons, R., Rosenberg, J., & Dash, M. (2023). Trends and Topics in Educational Technology, 2023 Edition. *TechTrends, 67*(3), 583-591. <https://link.springer.com/article/10.1007/s11528-023-00840-2>",2023,2023,"Allman, B., Kimmons, R., Rosenberg, J., & Dash, M",https://link.springer.com/article/10.1007/s11528-023-00840-2,10.1007/s11528-023-00840-2,"Trends and Topics in Educational Technology, 2023 Edition","TechTrends, 67",NA
editor-reviewed-articles-published-in-journals-003,Editor-Reviewed Articles Published in Journals,3,"Hodge, E. M., López, F. A., & Rosenberg, J. M. (2022). How to respond to community concerns about critical race theory. *Phi Delta Kappan, 10*4(3), 48-53. <https://journals.sagepub.com/doi/full/10.1177/00317217221136599>",2022,2022,"Hodge, E. M., López, F. A., & Rosenberg, J. M",https://journals.sagepub.com/doi/full/10.1177/00317217221136599,10.1177/00317217221136599,How to respond to community concerns about critical race theory,"Phi Delta Kappan, 10",NA
editor-reviewed-articles-published-in-journals-004,Editor-Reviewed Articles Published in Journals,4,"Jiang, S., Lee, V. R., & Rosenberg, J. M. (2022). Data science education across the disciplines: Underexamined opportunities for K‐12 innovation. *British Journal of Educational Technology, 53*(5), 1073-1079. <https://bera-journals.onlinelibrary.wiley.com/doi/full/10.1111/bjet.13258>",2022,2022,"Jiang, S., Lee, V. R., & Rosenberg, J. M",https://bera-journals.onlinelibrary.wiley.com/doi/full/10.1111/bjet.13258,10.1111/bjet.13258,Data science education across the disciplines: Underexamined opportunities for K‐12 innovation,"British Journal of Educational Technology, 53",NA
editor-reviewed-articles-published-in-journals-005,Editor-Reviewed Articles Published in Journals,5,"Kimmons, R., Rosenberg, J.M. (2022). Trends and topics in educational technology, 2022 Edition. *TechTrends, 66*, 134-140. <https://doi.org/10.1007/s11528-022-00713-0>",2022,2022,"Kimmons, R., Rosenberg, J.M",https://doi.org/10.1007/s11528-022-00713-0,10.1007/s11528-022-00713-0,"Trends and topics in educational technology, 2022 Edition","TechTrends, 66",NA
editor-reviewed-articles-published-in-journals-006,Editor-Reviewed Articles Published in Journals,6,"Frank K.A., Lin Q., Maroulis S., Mueller A.S., Xu R., Rosenberg J.M., Hayter C.S., Mahmoud R.A., Kolak M., Dietz T., Zhang L. (2022). Response to ""Three Comments on the RIR method"". *Journal of Clinical Epidemiology, 146*, 134-140. <https://pubmed.ncbi.nlm.nih.gov/35131466/>",2022,2022,"Frank K.A., Lin Q., Maroulis S., Mueller A.S., Xu R., Rosenberg J.M., Hayter C.S., Mahmoud R.A., Kolak M., Dietz T., Zhang L",https://pubmed.ncbi.nlm.nih.gov/35131466/,NA,"Response to ""Three Comments on the RIR method""","Journal of Clinical Epidemiology, 146",NA
editor-reviewed-articles-published-in-journals-007,Editor-Reviewed Articles Published in Journals,7,"Kessler, A. M., Likely, R., & Rosenberg, J. (2021). Open for whom? The need to define open science for science education. *Journal of Research in Science Teaching, 58*(10), 1590-1595. <https://onlinelibrary.wiley.com/doi/epdf/10.1002/tea.21730>",2021,2021,"Kessler, A. M., Likely, R., & Rosenberg, J",https://onlinelibrary.wiley.com/doi/epdf/10.1002/tea.21730,10.1002/tea.21730,Open for whom?,The need to define open science for science education,NA
editor-reviewed-articles-published-in-journals-008,Editor-Reviewed Articles Published in Journals,8,"Rosenberg, J. M., \^Burchfield, M. B., \^Borchers, C., \^Gibbons, B., & Anderson, D., and Fischer, C. (2021). Posts on Facebook by schools and districts and the potential risks to students' privacy. *Phi Delta Kappan*. <https://kappanonline.org/social-media-students-privacy-facebook-rosenberg/>",2021,2021,"Rosenberg, J. M., \^Burchfield, M. B., \^Borchers, C., \^Gibbons, B., & Anderson, D., and Fischer, C",https://kappanonline.org/social-media-students-privacy-facebook-rosenberg/,NA,Posts on Facebook by schools and districts and the potential risks to students' privacy,Phi Delta Kappan,NA
editor-reviewed-articles-published-in-journals-009,Editor-Reviewed Articles Published in Journals,9,"Kimmons, R., Rosenberg, J., & Allman, B. (2021). Trends in educational technology: What Facebook, Twitter, and Scopus can tell us about current research and practice. *TechTrends, 65*(2), 125-136.",2021,2021,"Kimmons, R., Rosenberg, J., & Allman, B",NA,NA,"Trends in educational technology: What Facebook, Twitter, and Scopus can tell us about current research and practice","TechTrends, 65",NA
editor-reviewed-articles-published-in-journals-010,Editor-Reviewed Articles Published in Journals,10,"Mehta, R., Henriksen, D., & Rosenberg, J. M. (2019). It's not about the tools. *Educational Leadership, 76*(5), 64-69. [https://ascd.org/el/articles/its-not-about-the-tools](http://www.ascd.org/publications/educational-leadership/feb19/vol76/num05/It's-Not-About-the-Tools.aspx ""https://ascd.org/el/articles/its-not-about-the-tools"")",2019,2019,"Mehta, R., Henriksen, D., & Rosenberg, J. M",http://www.ascd.org/publications/educational-leadership/feb19/vol76/num05/It's-Not-About-the-Tools.aspx,NA,It's not about the tools,"Educational Leadership, 76",NA
editor-reviewed-articles-published-in-journals-011,Editor-Reviewed Articles Published in Journals,11,"Rosenberg, J. M., & Logan, C. W. (2017). Review of the book What's Worth Teaching: Rethinking Curriculum in the Age of Technology, by A. Collins. *Teachers College Record*. <http://www.tcrecord.org/Content.asp?ContentID=22173>",2017,2017,"Rosenberg, J. M., & Logan, C. W",http://www.tcrecord.org/Content.asp?ContentID=22173,NA,"Review of the book What's Worth Teaching: Rethinking Curriculum in the Age of Technology, by A",Collins,NA
editor-reviewed-articles-published-in-journals-012,Editor-Reviewed Articles Published in Journals,12,"Phillips, M., Harris, J., Rosenberg, J. M., & Koehler, M. J. (2017). TPCK/TPACK research and development: Past, present, and future directions. *Australasian Journal of Educational Technology*. <https://doi.org/10.14742/ajet.3907>",2017,2017,"Phillips, M., Harris, J., Rosenberg, J. M., & Koehler, M. J",https://doi.org/10.14742/ajet.3907,10.14742/ajet.3907,"TPCK/TPACK research and development: Past, present, and future directions",Australasian Journal of Educational Technology,NA
contributions-to-edited-volumes-001,Contributions to Edited Volumes,1,"Rosenberg, J., King, A., Swartzentruber, R., & Carpenter, J. (2025). The strengths and drawbacks of measuring self-reported and digitally traced social networks. In *Handbook of Social Network Analysis and Education* (pp. 102-113). Edward Elgar Publishing. https://www.elgaronline.com/edcollchap/book/9781035312191/chapter7.xml",2025,2025,"Rosenberg, J., King, A., Swartzentruber, R., & Carpenter, J",https://www.elgaronline.com/edcollchap/book/9781035312191/chapter7.xml,NA,The strengths and drawbacks of measuring self-reported and digitally traced social networks,In *Handbook of Social Network Analysis and Education,NA
contributions-to-edited-volumes-002,Contributions to Edited Volumes,2,"Rosenberg, J. M., Bhidiya, H., & Pritchard, C. (2025). Triangulating computational and qualitative methods to measure scientific uncertainty. In P. Wulff, M. Kubsch, & C. Krist (Eds.), *Applying machine learning in science education research: When, how, and why?* (pp. 313–332). Springer.",2025,2025,"Rosenberg, J. M., Bhidiya, H., & Pritchard, C",NA,NA,Triangulating computational and qualitative methods to measure scientific uncertainty,In P,NA
contributions-to-edited-volumes-003,Contributions to Edited Volumes,3,"Rosenberg, J. (in press). *Comparing self-report and digital trace measures of social networks.* In N. Kolleck (Ed.), *Handbook of social network analysis and education research* (Research Handbooks on Social Networks series). Edward Elgar Publishing.",NA,NA,"Rosenberg, J",NA,NA,*Comparing self-report and digital trace measures of social networks.* In N,Kolleck,NA
contributions-to-edited-volumes-004,Contributions to Edited Volumes,4,"Dai, T., Rosenberg, J. M., & +Lawson, M. A. (2022). Data representations and visualizations in educational research. In T. L. Good & M. McCaslin (*Eds.*), Educational Psychology Section; D. Fisher (*Ed.*), *Routledge encyclopedia of education*. Taylor & Francis: New York, NY. <https://doi.org/10.4324/9781138609877-REE148-1>",2022,2022,"Dai, T., Rosenberg, J. M., & +Lawson, M. A",https://doi.org/10.4324/9781138609877-REE148-1,10.4324/9781138609877-REE148-1,Data representations and visualizations in educational research,In T,NA
contributions-to-edited-volumes-005,Contributions to Edited Volumes,5,"Rosenberg, J. M., +Lawson, M. A., Anderson, D. J., & Rutherford, T. (2020). Making data science count in and for education. In E. Romero-Hall (Ed.), *Research methods in learning design & technology* (pp. 94-110). Routledge: New York, NY. <https://osf.io/preprints/edarxiv/hc2dw/download/>",2020,2020,"Rosenberg, J. M., +Lawson, M. A., Anderson, D. J., & Rutherford, T",https://osf.io/preprints/edarxiv/hc2dw/download/,NA,Making data science count in and for education,In E,NA
contributions-to-edited-volumes-006,Contributions to Edited Volumes,6,"Greenhalgh, S. P., Staudt Willet, B., Rosenberg, J. M., & Koehler, M. J. (2020). Lessons learned from applying Twitter research methods to educational technology phenomena. In E. Romero-Hall (Ed.), *Research methods in learning design & technology* (pp. 64-77). Routledge: New York, NY.",2020,2020,"Greenhalgh, S. P., Staudt Willet, B., Rosenberg, J. M., & Koehler, M. J",NA,NA,Lessons learned from applying Twitter research methods to educational technology phenomena,In E,NA
contributions-to-edited-volumes-007,Contributions to Edited Volumes,7,"Eidelman, R., Rosenberg, J. M. ,& Shwartz, Y. (2019). Assessing the interaction between self-regulated learning (SRL) profiles and actual learning in the chemistry online blended learning environment (COBLE). In Sampson, D., D. Ifenthaler, M. Spector, P. Isafas, & S. Sergis (Eds), *Learning technologies for transforming teaching, learning and assessment at large scale* (pp. 231-255). Berlin, Germany: Springer.",2019,2019,"Eidelman, R., Rosenberg, J. M. ,& Shwartz, Y",NA,NA,Assessing the interaction between self-regulated learning (SRL) profiles and actual learning in the chemistry online blended learning environment (COBLE),In Sampson,NA
contributions-to-edited-volumes-008,Contributions to Edited Volumes,8,"Herring, M., Koehler, M. J., Mishra, P., Rosenberg, J. M., & Teske, J. (2016). Introduction to the 2nd edition of the TPACK handbook. In M. Herring, M. J. Koehler, & P. Mishra (Eds.), *Handbook of Technological Pedagogical Content Knowledge (TPACK) for educators* (2nd ed., pp. 1-8). New York, NY: Routledge.",2016,2016,"Herring, M., Koehler, M. J., Mishra, P., Rosenberg, J. M., & Teske, J",NA,NA,Introduction to the 2nd edition of the TPACK handbook,In M,NA
contributions-to-edited-volumes-009,Contributions to Edited Volumes,9,"Keenan, S., Rosenberg, J. M., Greenhalgh, S. P. & Koehler, M. J. (2016). Examining teachers' technology use through digital portfolios. In L. Liu & D. C. Gibson (Eds.), *Research highlights in technology and teacher education 2016* (pp. 53-60). Chesapeake, VA: Association for the Advancement of Computing in Education.",2016,2016,"Keenan, S., Rosenberg, J. M., Greenhalgh, S. P. & Koehler, M. J",NA,NA,Examining teachers' technology use through digital portfolios,In L,NA
contributions-to-edited-volumes-010,Contributions to Edited Volumes,10,"Phillips, M., Koehler, M. J. & Rosenberg, J. M. (2016). Considering context: Teachers' TPACK development and enactment. In L. Liu & D. C. Gibson (Eds.), *Research highlights in technology and teacher education* (pp. 197-204). Chesapeake, VA: Association for the Advancement of Computing in Education.",2016,2016,"Phillips, M., Koehler, M. J. & Rosenberg, J. M",NA,NA,Considering context: Teachers' TPACK development and enactment,In L,NA
contributions-to-edited-volumes-011,Contributions to Edited Volumes,11,"Rosenberg, J. M., & Koehler, M. J. (2015). *Context and teaching with technology in the digital age*. In M.L. Niess & H. Gillow-Wiles (Eds.), Handbook of research on teacher education in the digital age (pp. 440-465). Hershey, PA: IGI Global.",2015,2015,"Rosenberg, J. M., & Koehler, M. J",NA,NA,Context and teaching with technology in the digital age,In M,NA
contributions-to-edited-volumes-012,Contributions to Edited Volumes,12,"Rosenberg, J. M., Greenhalgh, S. P., & Koehler, M. J. (2015). A performance assessment of teachers' TPACK using artifacts from digital portfolios. In L. Liu & D. C. Gibson, *Research highlights in technology and teacher education 2015*. Waynesville, NC: Association for the Advancement of Computing in Education (AACE).",2015,2015,"Rosenberg, J. M., Greenhalgh, S. P., & Koehler, M. J",NA,NA,A performance assessment of teachers' TPACK using artifacts from digital portfolios,In L,NA
contributions-to-edited-volumes-013,Contributions to Edited Volumes,13,"Koehler, M. J., Mishra, P., Akcaoglu, M., & Rosenberg, J. M. (2013). Technological pedagogical content knowledge for teachers and teacher educators. In N. Bharati and S. Mishra (Eds.), *ICT integrated teacher education: A resource book* (pp. 1-8). Commonwealth Educational Media Center for Asia, New Delhi, India.",2013,2013,"Koehler, M. J., Mishra, P., Akcaoglu, M., & Rosenberg, J. M",NA,NA,Technological pedagogical content knowledge for teachers and teacher educators,In N,NA
papers-published-in-refereed-conference-proceedings-001,Papers Published in Refereed Conference Proceedings,1,"Chen, C., Zhao, Y., Rosenberg, J. M., & Hodge, L. L. (2025, August). Mapping the Research Landscape of Culturally Relevant Pedagogy in Computing Education: A Topic Modeling Approach. In *Proceedings of the 2025 ACM Conference on International Computing Education Research* V. 2 (p. 20).",2025,"2025, August","Chen, C., Zhao, Y., Rosenberg, J. M., & Hodge, L. L",NA,NA,Mapping the Research Landscape of Culturally Relevant Pedagogy in Computing Education: A Topic Modeling Approach,In *Proceedings of the 2025 ACM Conference on International Computing Education Research* V,NA
papers-published-in-refereed-conference-proceedings-002,Papers Published in Refereed Conference Proceedings,2,"Demirci, S., Dogucu, M., Zieffler, A. & Rosenberg, J. (2024) The Learning Difficulties of Introductory Data Science Students. In E. Jones (Ed) *Proceedings of the International Association for Statistical Education Satellite Conference*. https://www.iase-pub.org/conference_proceedings/IASECP/article/view/254/247",2024,2024,"Demirci, S., Dogucu, M., Zieffler, A. & Rosenberg, J",https://www.iase-pub.org/conference_proceedings/IASECP/article/view/254/247,NA,The Learning Difficulties of Introductory Data Science Students,In E,NA
papers-published-in-refereed-conference-proceedings-003,Papers Published in Refereed Conference Proceedings,3,"Lishinski, A., Bao, H., & Rosenberg, J. (2024, March). Self-efficacy Interventions for CS1. In *Proceedings of the 55th ACM Technical Symposium on Computer Science Education V.2* (p. 1935). <https://dl.acm.org/doi/abs/10.1145/3626253.3635348>",2024,"2024, March","Lishinski, A., Bao, H., & Rosenberg, J",https://dl.acm.org/doi/abs/10.1145/3626253.3635348,10.1145/3626253.3635348,Self-efficacy Interventions for CS1,In *Proceedings of the 55th ACM Technical Symposium on Computer Science Education V,NA
papers-published-in-refereed-conference-proceedings-004,Papers Published in Refereed Conference Proceedings,4,"Palaguachi, C., Cox, E., Rosenberg, J., Dyer, E., & Krist, C. (2023, October). Automatic speech recognition (ASR) in noisy classrooms: Evaluating the usefulness of three popular ASR tools. In *Learning Sciences Graduate Student Conference*, 2023. <https://www.lsgsc.org/_files/ugd/fd445f_74a457de2acb47099455e5a416952899.pdf#page=44>",2023,"2023, October","Palaguachi, C., Cox, E., Rosenberg, J., Dyer, E., & Krist, C",https://www.lsgsc.org/_files/ugd/fd445f_74a457de2acb47099455e5a416952899.pdf#page=44,NA,Automatic speech recognition (ASR) in noisy classrooms: Evaluating the usefulness of three popular ASR tools,In *Learning Sciences Graduate Student Conference,NA
papers-published-in-refereed-conference-proceedings-005,Papers Published in Refereed Conference Proceedings,5,"Krist, C., Dyer, E. B., Rosenberg, J., Palaguachi, C., & Cox, E. (2023). Leveraging Computationally Generated Descriptions of Audio Features to Enrich Qualitative Examinations of Sustained Uncertainty. In *Proceedings of the 17th International Conference of the Learning Sciences-ICLS 2023*, pp. 1258-1261. International Society of the Learning Sciences. <https://repository.isls.org/handle/1/9894>",2023,2023,"Krist, C., Dyer, E. B., Rosenberg, J., Palaguachi, C., & Cox, E",https://repository.isls.org/handle/1/9894,NA,Leveraging Computationally Generated Descriptions of Audio Features to Enrich Qualitative Examinations of Sustained Uncertainty,In *Proceedings of the 17th International Conference of the Learning Sciences-ICLS,NA
papers-published-in-refereed-conference-proceedings-006,Papers Published in Refereed Conference Proceedings,6,"Thomas, T., Rosenberg, J. M., Penner, E. & Burchfield, M. (2022). Racism and school districts' social media posts: ""Is it being talked about?"". Proceedings for the *Social Media and Society* conference.",2022,2022,"Thomas, T., Rosenberg, J. M., Penner, E. & Burchfield, M",NA,NA,"Racism and school districts' social media posts: ""Is it being talked about?""",Proceedings for the *Social Media and Society* conference,NA
papers-published-in-refereed-conference-proceedings-007,Papers Published in Refereed Conference Proceedings,7,"Burchfield, M., Rosenberg, J. M., & Stegenga, S. (2022). Updated or outdated consent? A study of the media release policies of U.S. K-12 school districts. Proceedings for the *Social Media and Society* conference.",2022,2022,"Burchfield, M., Rosenberg, J. M., & Stegenga, S",NA,NA,Updated or outdated consent?,A study of the media release policies of U,NA
papers-published-in-refereed-conference-proceedings-008,Papers Published in Refereed Conference Proceedings,8,"Lishinski, A., Narvaiz, S., and Rosenberg, J. M. (2022). Self-efficacy, interest, and belongingness – URM Students' momentary experiences in CS1. *Proceedings of the 2022 ACM Conference on International Computing Education Research* (ICER '22). <https://dl.acm.org/doi/abs/10.1145/3501385.3543958.> *Note.* Unlike most of academia, premiere conferences in computing education are selective venues for archival research. These conference proceedings exceed many journals in their selectivity, visibility, and impact.",2022,2022,"Lishinski, A., Narvaiz, S., and Rosenberg, J. M",https://dl.acm.org/doi/abs/10.1145/3501385.3543958,10.1145/3501385.3543958,"Self-efficacy, interest, and belongingness – URM Students' momentary experiences in CS1",Proceedings of the 2022 ACM Conference on International Computing Education Research,NA
papers-published-in-refereed-conference-proceedings-009,Papers Published in Refereed Conference Proceedings,9,"Carpenter, J., Morrison, S., Rosenberg, J., & Hawthorne, K. (2022). Professional learning networks for pre-service teachers: A social network analysis of a program-wide teacher education Twitter hashtag. In *Society for Information Technology & Teacher Education International Conference* (pp. 1489-1497). Association for the Advancement of Computing in Education (AACE). <https://www.learntechlib.org/p/220934/>",2022,2022,"Carpenter, J., Morrison, S., Rosenberg, J., & Hawthorne, K",https://www.learntechlib.org/p/220934/,NA,Professional learning networks for pre-service teachers: A social network analysis of a program-wide teacher education Twitter hashtag,In *Society for Information Technology & Teacher Education International Conference,NA
papers-published-in-refereed-conference-proceedings-010,Papers Published in Refereed Conference Proceedings,10,"Borchers, C., Rosenberg, J., Gibbons, B., Burchfield, M., & Fischer, C. (2021). To scale or not to scale: Comparing popular sentiment analysis dictionaries on educational Twitter data. In I.-H. Hsiao, S. Sahebi, F. Bouchet, & J.-J. Vie (Eds), *Proceedings of the 14th International Conference on Educational Data Mining* (pp. 619-624). Paris, France. <https://educationaldatamining.org/EDM2021/virtual/static/pdf/EDM21_paper_122.pdf>",2021,2021,"Borchers, C., Rosenberg, J., Gibbons, B., Burchfield, M., & Fischer, C",https://educationaldatamining.org/EDM2021/virtual/static/pdf/EDM21_paper_122.pdf,NA,To scale or not to scale: Comparing popular sentiment analysis dictionaries on educational Twitter data,In I,NA
papers-published-in-refereed-conference-proceedings-011,Papers Published in Refereed Conference Proceedings,11,"Burchfield, M., Rosenberg, J., Borchers, C., Thomas, T., Gibbons, B., & Fischer, C. (2021). Are violations of student privacy ""quick and easy""? Investigating the privacy of students' images and names in the context of K-12 educational institution's posts on Facebook. In I.-H. Hsiao, S. Sahebi, F. Bouchet, & J.-J. Vie (Eds), *Proceedings of the 14th International Conference on Educational Data Mining* (pp. 744-749), Paris, France. <https://educationaldatamining.org/EDM2021/virtual/static/pdf/EDM21_paper_276.pdf.>",2021,2021,"Burchfield, M., Rosenberg, J., Borchers, C., Thomas, T., Gibbons, B., & Fischer, C",https://educationaldatamining.org/EDM2021/virtual/static/pdf/EDM21_paper_276.pdf,NA,"Are violations of student privacy ""quick and easy""?",Investigating the privacy of students' images and names in the context of K-12 educational institution's posts on Facebook,NA
papers-published-in-refereed-conference-proceedings-012,Papers Published in Refereed Conference Proceedings,12,"Lishinski, A., & Rosenberg, J. (2021). All the pieces matter: The relationship of momentary self-efficacy and affective experiences with CS1 achievement and interest in computing. *Proceedings of the 17th ACM Conference on International Computing Education Research*, 252–265. <https://doi.org/10.1145/3446871.3469740.> *Note.* This presentation received the best poster award. Unlike most of academia, premiere conferences in computing education are selective venues for archival research. These conference proceedings exceed many journals in their selectivity, visibility, and impact.",2021,2021,"Lishinski, A., & Rosenberg, J",https://doi.org/10.1145/3446871.3469740,10.1145/3446871.3469740,All the pieces matter: The relationship of momentary self-efficacy and affective experiences with CS1 achievement and interest in computing,Proceedings of the 17th ACM Conference on International Computing Education Research,NA
papers-published-in-refereed-conference-proceedings-013,Papers Published in Refereed Conference Proceedings,13,"Rosenberg, J. M., & Kubsch, M. (2021). Considering K-12 learners' use of Bayesian methods. In E. de Vries, Y. Hod, & J., Ahn (Eds.), *The International Society of the Learning Sciences 2020 Conference Proceedings* (pp. 947-948). International Society of the Learning Sciences. <https://repository.isls.org/handle/1/7635>",2021,2021,"Rosenberg, J. M., & Kubsch, M",https://repository.isls.org/handle/1/7635,NA,Considering K-12 learners' use of Bayesian methods,In E,NA
papers-published-in-refereed-conference-proceedings-014,Papers Published in Refereed Conference Proceedings,14,"Rosenberg, J. M., Galas, E., & Staudt Willet, K.B. (2021). Who are the data scientists in education? An investigation of the identities and work of individuals in diverse roles. In E. de Vries, Y. Hod, & J., Ahn (Eds.), *The International Society of the Learning Sciences 2020 Conference Proceedings* (pp. 1057-1058). International Society of the Learning Sciences. <https://repository.isls.org/handle/1/7394>",2021,2021,"Rosenberg, J. M., Galas, E., & Staudt Willet, K.B",https://repository.isls.org/handle/1/7394,NA,Who are the data scientists in education?,An investigation of the identities and work of individuals in diverse roles,NA
papers-published-in-refereed-conference-proceedings-015,Papers Published in Refereed Conference Proceedings,15,"Kubsch, M., Rosenberg. J. M., & Krist, C. (2021). Beyond supervision: Human / machine distributed learning in learning sciences research. In E. de Vries, Y. Hod, & J., Ahn (Eds.), *The International Society of the Learning Sciences 2020 Conference Proceedings* (pp. 897-898). International Society of the Learning Sciences. <https://repository.isls.org/handle/1/7609>",2021,2021,"Kubsch, M., Rosenberg. J. M., & Krist, C",https://repository.isls.org/handle/1/7609,NA,Beyond supervision: Human / machine distributed learning in learning sciences research,In E,NA
papers-published-in-refereed-conference-proceedings-016,Papers Published in Refereed Conference Proceedings,16,"Rosenberg, J. M., & Nguyen, H. (2021). How K-12 school districts communicated during the COVID-19 pandemic: A study using Facebook data. *Proceedings of the 11th International Conference on Learning Analytics & Knowledge (LAK21)*. <https://joshuamrosenberg.com/post-prints/LAK21-Rosenberg-Nguyen-Districts-Facebook-published.pdf>",2021,2021,"Rosenberg, J. M., & Nguyen, H",https://joshuamrosenberg.com/post-prints/LAK21-Rosenberg-Nguyen-Districts-Facebook-published.pdf,NA,How K-12 school districts communicated during the COVID-19 pandemic: A study using Facebook data,Proceedings of the 11th International Conference on Learning Analytics & Knowledge (LAK21),NA
papers-published-in-refereed-conference-proceedings-017,Papers Published in Refereed Conference Proceedings,17,"Rosenberg, J. M., & Staudt Willet, K. B. (2021). Advancing social influence models in learning analytics. *Companion proceedings of the 11th International Conference on Learning Analytics & Knowledge (LAK21)*. <http://ceur-ws.org/Vol-2868/article_2.pdf>",2021,2021,"Rosenberg, J. M., & Staudt Willet, K. B",http://ceur-ws.org/Vol-2868/article_2.pdf,NA,Advancing social influence models in learning analytics,Companion proceedings of the 11th International Conference on Learning Analytics & Knowledge (LAK21),NA
papers-published-in-refereed-conference-proceedings-018,Papers Published in Refereed Conference Proceedings,18,"Lishinski, A., & Rosenberg, J. M. (2021). How CS1 students experienced COVID-19 in the moment: using an experience sampling approach to understand the transition to emergency remote instruction. In *Proceedings of the 51st ACM Technical Symposium on Computer Science Education* (p. 1254). <https://dl.acm.org/doi/abs/10.1145/3408877.3439657>",2021,2021,"Lishinski, A., & Rosenberg, J. M",https://dl.acm.org/doi/abs/10.1145/3408877.3439657,10.1145/3408877.3439657,How CS1 students experienced COVID-19 in the moment: using an experience sampling approach to understand the transition to emergency remote instruction,In *Proceedings of the 51st ACM Technical Symposium on Computer Science Education,NA
papers-published-in-refereed-conference-proceedings-019,Papers Published in Refereed Conference Proceedings,19,"+Mann, M., \^Bui, H., \^Gibbons, B., +Lishinski, A., Dyer, E., & Rosenberg, J. M. (2021). ""Not my subject""?: A survey of teachers regarding the implementation of new K-8 computing education standards. In *Proceedings of the 51st ACM Technical Symposium on Computer Science Education* (p. 1343). <https://dl.acm.org/doi/abs/10.1145/3408877.3439666>",2021,2021,"+Mann, M., \^Bui, H., \^Gibbons, B., +Lishinski, A., Dyer, E., & Rosenberg, J. M",https://dl.acm.org/doi/abs/10.1145/3408877.3439666,10.1145/3408877.3439666,"""Not my subject""?: A survey of teachers regarding the implementation of new K-8 computing education standards",In *Proceedings of the 51st ACM Technical Symposium on Computer Science Education,NA
papers-published-in-refereed-conference-proceedings-020,Papers Published in Refereed Conference Proceedings,20,"Rosenberg, J. M., +Schmidt, A., Rosenberg, A. M., +Longnecker, J., & +Mann M. (2020). Becoming 'tidier' over time. Studying #tidytuesday as a social media-based context for learning to visualize data. In M. Gresalfi and I. Horn (Eds.), *The Interdisciplinarity of the Learning Sciences: The International Conference of the Learning Sciences 2020 Conference Proceedings* (Vol 3., pp. 1811-1812). ISLS. <https://repository.isls.org/handle/1/6455>",2020,2020,"Rosenberg, J. M., +Schmidt, A., Rosenberg, A. M., +Longnecker, J., & +Mann M",https://repository.isls.org/handle/1/6455,NA,Becoming 'tidier' over time,Studying #tidytuesday as a social media-based context for learning to visualize data,NA
papers-published-in-refereed-conference-proceedings-021,Papers Published in Refereed Conference Proceedings,21,"Jones R. S., & Rosenberg, J. M. (2020). Studying whole class discussions at scale. In M. Gresalfi and I. Horn (Eds.), *The Interdisciplinarity of the Learning Sciences: The International Conference of the Learning Sciences 2020 Conference Proceedings* (Vol 5., pp. 2499-2506). ISLS. <https://repository.isls.org/handle/1/6612>",2020,2020,"Jones R. S., & Rosenberg, J. M",https://repository.isls.org/handle/1/6612,NA,Studying whole class discussions at scale,In M,NA
papers-published-in-refereed-conference-proceedings-022,Papers Published in Refereed Conference Proceedings,22,"D'Angelo, C., Dyer, E. B., Krist, C., Rosenberg, J. M., & Bosch, N. (2020). Advancing computational grounded theory for audiovisual data from mathematics classrooms. In M. Gresalfi and I. Horn (Eds.), *The Interdisciplinarity of the Learning Sciences: The International Conference of the Learning Sciences 2020 Conference Proceedings* (Vol 4., pp. 2393-2394). ISLS.",2020,2020,"D'Angelo, C., Dyer, E. B., Krist, C., Rosenberg, J. M., & Bosch, N",NA,NA,Advancing computational grounded theory for audiovisual data from mathematics classrooms,In M,NA
papers-published-in-refereed-conference-proceedings-023,Papers Published in Refereed Conference Proceedings,23,"Dyer, E. B., D'Angelo, D., Bosch, N., Krist, C., & Rosenberg, J. M. (2020). Analyzing learning with speech analytics and computer vision methods: Technologies, principles, and ethics. In M. Gresalfi and I. Horn (Eds.), *The Interdisciplinarity of the Learning Sciences: The International Conference of the Learning Sciences 2020 Conference Proceedings* (Vol 5., pp. 2651-2652). ISLS. <https://joshuamrosenberg.com/publications/dyer-et-al-icls-2020.pdf>",2020,2020,"Dyer, E. B., D'Angelo, D., Bosch, N., Krist, C., & Rosenberg, J. M",https://joshuamrosenberg.com/publications/dyer-et-al-icls-2020.pdf,NA,"Analyzing learning with speech analytics and computer vision methods: Technologies, principles, and ethics",In M,NA
papers-published-in-refereed-conference-proceedings-024,Papers Published in Refereed Conference Proceedings,24,"Rosenberg, J. M. (2020). More confidently uncertain? Teaching learners to apply Bayesian methods to make sense of scientific phenomena. In M. Gresalfi and I. Horn (Eds.), *The Interdisciplinarity of the Learning Sciences: The International Conference of the Learning Sciences 2020 Conference Proceedings* (Vol 5., pp. 2681-2682). ISLS.",2020,2020,"Rosenberg, J. M",NA,NA,More confidently uncertain?,Teaching learners to apply Bayesian methods to make sense of scientific phenomena,NA
papers-published-in-refereed-conference-proceedings-025,Papers Published in Refereed Conference Proceedings,25,"Lishinski, A., & Rosenberg, J. (2020, February). Accruing interest: What experiences contribute to students developing a sustained interest in computer science over time? In *Proceedings of the 51st ACM Technical Symposium on Computer Science Education* (p. 1414). <https://dl.acm.org/doi/abs/10.1145/3328778.3372568>",2020,"2020, February","Lishinski, A., & Rosenberg, J",https://dl.acm.org/doi/abs/10.1145/3328778.3372568,10.1145/3328778.3372568,Accruing interest: What experiences contribute to students developing a sustained interest in computer science over time?,In *Proceedings of the 51st ACM Technical Symposium on Computer Science Education,NA
papers-published-in-refereed-conference-proceedings-026,Papers Published in Refereed Conference Proceedings,26,"Rosenberg, J., & Lishinski, A. (2020, February). Variable interest rate: What experiences explain differences in interest in computer science among students? In *Proceedings of the 51st ACM Technical Symposium on Computer Science Education* (p. 1404). <https://dl.acm.org/doi/abs/10.1145/3328778.3372537>",2020,"2020, February","Rosenberg, J., & Lishinski, A",https://dl.acm.org/doi/abs/10.1145/3328778.3372537,10.1145/3328778.3372537,Variable interest rate: What experiences explain differences in interest in computer science among students?,In *Proceedings of the 51st ACM Technical Symposium on Computer Science Education,NA
papers-published-in-refereed-conference-proceedings-027,Papers Published in Refereed Conference Proceedings,27,"Carpenter, J., Rosenberg, J. M., Dousay, T., Romero-Hall, E., Trust, T., Kessler, A., Phillips, M., Morrison, S., Fischer, C. & Krutka, D. (2019). What do teacher educators think of teacher education technology competencies?. In K. Graziano (Ed.), *Proceedings of Society for Information Technology & Teacher Education International Conference* (pp. 796-801). Las Vegas, NV, United States: Association for the Advancement of Computing in Education (AACE). Retrieved April 18, 2019 from <https://www.learntechlib.org/primary/p/207735/.>",2019,2019,"Carpenter, J., Rosenberg, J. M., Dousay, T., Romero-Hall, E., Trust, T., Kessler, A., Phillips, M., Morrison, S., Fischer, C. & Krutka, D",https://www.learntechlib.org/primary/p/207735/,NA,What do teacher educators think of teacher education technology competencies?,In K,NA
papers-published-in-refereed-conference-proceedings-028,Papers Published in Refereed Conference Proceedings,28,"Peterson, A., Freer, D., & Rosenberg, J. M. (2017). Interacting with purpose: What is the difference between face-to-face and online student relationships in a combined program? In *Proceedings of Society for Information Technology & Teacher Education International Conference* (pp. 3411-3414). Austin, TX: Association for the Advancement of Computing in Education. Retrieved from <https://www.learntechlib.org/p/177955/>",2017,2017,"Peterson, A., Freer, D., & Rosenberg, J. M",https://www.learntechlib.org/p/177955/,NA,Interacting with purpose: What is the difference between face-to-face and online student relationships in a combined program?,In *Proceedings of Society for Information Technology & Teacher Education International Conference,NA
papers-published-in-refereed-conference-proceedings-029,Papers Published in Refereed Conference Proceedings,29,"Krist, C., & Rosenberg, J. M. (2016). Finding patterns in and refining characterizations of students' epistemic cognition: A computational approach. In Looi, C.-K., Polman, J., Cress, U., & Reimann, P. (Eds.), *Transforming Learning, Empowering Learners: The International Conference of the Learning Sciences Proceedings* 2016 (Vol. 2, pp. 1223-1224). Singapore, Singapore: ICLS.",2016,2016,"Krist, C., & Rosenberg, J. M",NA,NA,Finding patterns in and refining characterizations of students' epistemic cognition: A computational approach,In Looi,NA
papers-published-in-refereed-conference-proceedings-030,Papers Published in Refereed Conference Proceedings,30,"Rosenberg, J. M., Koehler, M. J., Akcaoglu, M., Greenhalgh, S. P. & Hamilton, E. (2016). State Educational Twitter Hashtags: An introduction and research agenda. In *Proceedings of Society for Information Technology & Teacher Education International Conference 2016* (pp. 355-360). Chesapeake, VA: Association for the Advancement of Computing in Education. Retrieved from <http://www.editlib.org/p/171698>",2016,2016,"Rosenberg, J. M., Koehler, M. J., Akcaoglu, M., Greenhalgh, S. P. & Hamilton, E",http://www.editlib.org/p/171698,NA,State Educational Twitter Hashtags: An introduction and research agenda,In *Proceedings of Society for Information Technology & Teacher Education International Conference,NA
papers-published-in-refereed-conference-proceedings-031,Papers Published in Refereed Conference Proceedings,31,"Greenhalgh, S. P., Rosenberg, J. M. & Wolf, L. G. (2016). For every tweet there is a purpose: Twitter within (and beyond) an online graduate program. In *Proceedings of Society for Information Technology & Teacher Education International Conference 2016* (pp. 2044-2049). Chesapeake, VA: Association for the Advancement of Computing in Education (AACE). Retrieved from <http://www.editlib.org/p/171972>",2016,2016,"Greenhalgh, S. P., Rosenberg, J. M. & Wolf, L. G",http://www.editlib.org/p/171972,NA,For every tweet there is a purpose: Twitter within (and beyond) an online graduate program,In *Proceedings of Society for Information Technology & Teacher Education International Conference,NA
papers-published-in-refereed-conference-proceedings-032,Papers Published in Refereed Conference Proceedings,32,"Schwarz, C. V., Ke, L., Lee, M, & Rosenberg, J. M. (2014). Developing mechanistic explanations of phenomena: Case studies of two fifth grade students' epistemologies in practice over time. In J. L. Polman, E. A. Kyza, K. O'Neill, I. Tabak, W. R. Penuel, A. S. Jurow, . . . L. D'Amico (Eds.), *Learning and becoming in practice: The international conference of the learning sciences (ICLS) 2014* (Vol. 1, pp. 182-189). Boulder, CO: ISLS. <http://www.isls.org/icls2014/Proceedings.html>",2014,2014,"Schwarz, C. V., Ke, L., Lee, M, & Rosenberg, J. M",http://www.isls.org/icls2014/Proceedings.html,NA,Developing mechanistic explanations of phenomena: Case studies of two fifth grade students' epistemologies in practice over time,In J,NA
papers-published-in-refereed-conference-proceedings-033,Papers Published in Refereed Conference Proceedings,33,"Rosenberg, J. M., & Koehler, M. (2014). Context and Technological Pedagogical Content Knowledge: A content analysis. In M. Searson & M. Ochoa (Eds.), *Proceedings of Society for Information Technology & Teacher Education International Conference 2014* (pp. 2412-2417). Chesapeake, VA: AACE. Retrieved from <http://www.editlib.org/p/131183>",2014,2014,"Rosenberg, J. M., & Koehler, M",http://www.editlib.org/p/131183,NA,Context and Technological Pedagogical Content Knowledge: A content analysis,In M,NA
papers-published-in-refereed-conference-proceedings-034,Papers Published in Refereed Conference Proceedings,34,"Greenhalgh, S. P., Rosenberg, J. M., Zellner, A. & Koehler, M. J. (2014). Zen and the art of portfolio maintenance: Best practices in course design for supporting long-lasting portfolios. In M. Searson & M. Ochoa (Eds.), *Proceedings of Society for Information Technology & Teacher Education International Conference 2014* (pp. 1604-1610). Chesapeake, VA: AACE. Retrieved from <http://www.editlib.org/p/131027>",2014,2014,"Greenhalgh, S. P., Rosenberg, J. M., Zellner, A. & Koehler, M. J",http://www.editlib.org/p/131027,NA,Zen and the art of portfolio maintenance: Best practices in course design for supporting long-lasting portfolios,In M,NA
papers-published-in-refereed-conference-proceedings-035,Papers Published in Refereed Conference Proceedings,35,"Rosenberg, J., Terry, C., Bell, J., Hiltz, V., Russo, T. & The EPET Social Media Council (2014). What we've got here is failure to communicate: Social media best practices for graduate school programs. In M. Searson & M. Ochoa (Eds.), *Proceedings of Society for Information Technology & Teacher Education International Conference 2014* (pp. 1210-1215). Chesapeake, VA: AACE. Retrieved from <http://www.editlib.org/p/130949>",2014,2014,"Rosenberg, J., Terry, C., Bell, J., Hiltz, V., Russo, T. & The EPET Social Media Council",http://www.editlib.org/p/130949,NA,What we've got here is failure to communicate: Social media best practices for graduate school programs,In M,NA
papers-published-in-refereed-conference-proceedings-036,Papers Published in Refereed Conference Proceedings,36,"Rosenberg, J. (2013). Review of mobile device use policies in public high schools. In R. McBride & M. Searson (Eds.), *Proceedings of Society for Information Technology & Teacher Education International Conference 2013* (pp. 3774-3779). Chesapeake, VA: AACE. Retrieved from <http://www.editlib.org/p/48698>",2013,2013,"Rosenberg, J",http://www.editlib.org/p/48698,NA,Review of mobile device use policies in public high schools,In R,NA
