id,section,year,authors_raw,title,venue,publisher,doi,is_oa,has_oa_url,best_oa_url,oa_fetch_status,share_status,share_version,embargo_months,policy_pattern,policy_url
scholarly-books-001,Scholarly Books,2026,"Wang, W., Akcaoglu, M., Rosenberg, J. M., & Kellogg, S",*Computational social science cookbook with R: A practical guide* (a volume in the *Chapman & Hall/CRC Big Data Series*),CRC Press,NA,NA,NA,FALSE,NA,NA,yes-default,AM,0,NA,NA
scholarly-books-002,Scholarly Books,2020,"Estrellado, R. A., Freer, E. A., Mostipak, J., Rosenberg, J. M., & Velásquez, I. C",Data science in education using R,Routledge,Routledge,10.4324/9780367822842,FALSE,FALSE,NA,NA,yes,AM,0,informa|taylor.*francis|routledge|tandf,https://authorservices.taylorandfrancis.com/research-impact/sharing-versions-of-journal-articles/
book-for-general-audience-001,Book for General Audience,2026,"Rosenberg, K., & Rosenberg, J.M",Hiking Knoxville: Family Friendly Adventures from the City to the Smokies,UT Press,NA,NA,NA,FALSE,NA,NA,yes-default,AM,0,NA,NA
articles-under-review-or-in-press-001,Articles Under Review or in Press,NA,"Lopez, F., Darriet, C., Santibanez, L., Cervantes-Soon, C., Frankenberg, E., Asson, S., Delcid, G., Serrano, E., & Rosenberg, J.M",Enrollment patterns and online portrayals of dual language programs in California: Obstacles and promising efforts for equitable access,American Educational Research Journal,NA,NA,NA,FALSE,NA,NA,yes-default,AM,0,NA,NA
articles-under-review-or-in-press-002,Articles Under Review or in Press,NA,"Staudt-Willet, B., Na. H., & Rosenberg, J. M",Understanding the work of educational data scientists: A mixed methods exploration,NA,NA,NA,NA,FALSE,NA,NA,yes-default,AM,0,NA,NA
articles-published-in-refereed-journals-001,Articles Published in Refereed Journals,2026,"Robertson, J. R., Logan, M. W., Rosenberg, J. M., & Lombardi, D",Profiles of scientific thinking,"Journal of Educational Psychology, 118",American Psychological Association (APA),10.1037/edu0001011,TRUE,TRUE,https://doi.org/10.1037/edu0001011,failed,yes-default,AM,0,NA,NA
articles-published-in-refereed-journals-002,Articles Published in Refereed Journals,2026,"Rosenberg, J. M., Kubsch, M., Sorge, S., Tautz, S., Pritchard, C., Garner, A. V., & Xu, Z",Embracing Uncertainty in Science: The ABCs of Data and the Confidence Updater,Science Scope,Informa UK Limited,10.1080/08872376.2025.2601357,FALSE,FALSE,NA,NA,yes,AM,0,informa|taylor.*francis|routledge|tandf,https://authorservices.taylorandfrancis.com/research-impact/sharing-versions-of-journal-articles/
articles-published-in-refereed-journals-003,Articles Published in Refereed Journals,2025,"Fischer, M., Pritchard, C., Xu, Z., & Rosenberg, J",Finding Your Way into Data Science Education as a Science Teacher,"The Science Teacher, 92",NA,NA,NA,FALSE,NA,NA,yes-default,AM,0,NA,NA
articles-published-in-refereed-journals-004,Articles Published in Refereed Journals,2025,"Rosenberg, J. M., Veletsianos, G., Romero-Hall, E., & Allen, E","The Accessibility of Published Research in AERA Journals, 2010–2022",Teachers College Record,Center for Open Science,10.35542/osf.io/mvh87_v1,TRUE,TRUE,https://osf.io/mvh87_v1/download,landing-only,yes,SM,0,center for open science|osf,https://osf.io/tos/
articles-published-in-refereed-journals-005,Articles Published in Refereed Journals,2025,"Borchers, C., Wang, Y., Hodge, E. M., & Rosenberg, J. M",Decoding Sentiment Signals: Lessons From the Political Reception of the Common Core and Next Generation Science Standards,Educational Researcher,NA,10.3102/0013189X25133620,NA,FALSE,NA,NA,yes-default,AM,0,NA,NA
articles-published-in-refereed-journals-008,Articles Published in Refereed Journals,2025,"Burchfield, M. A., Rosenberg, J. M., & Stegenga, S. M",Informed or outdated consent?,An investigation into the media release policies of school districts in the United States,Informa UK Limited,10.1080/15391523.2024.2313614,FALSE,FALSE,NA,NA,yes,AM,0,informa|taylor.*francis|routledge|tandf,https://authorservices.taylorandfrancis.com/research-impact/sharing-versions-of-journal-articles/
articles-published-in-refereed-journals-009,Articles Published in Refereed Journals,NA,"Beymer, P. N., Schell, M. J., Alberts, K. M., Phun, V., Rosenberg, J. M., & Schmidt, J. A",Students' situational engagement profiles in formal and informal science learning environments,Journal of Research in Science Teaching,Wiley,10.1002/tea.22017,FALSE,FALSE,NA,NA,yes,AM,0,wiley|john wiley,https://authorservices.wiley.com/author-resources/Journal-Authors/licensing/self-archiving.html
articles-published-in-refereed-journals-010,Articles Published in Refereed Journals,2024,"+Pritchard, C., +Borchers, C., Rosenberg, J. M., Fox, A. K., & Stegenga, S. M",The datafication of student information on X (Twitter),"Computers and Education Open, 7",Elsevier BV,10.1016/j.caeo.2024.100197,TRUE,TRUE,https://doi.org/10.1016/j.caeo.2024.100197,landing-only,yes,AM,0,elsevier,https://www.elsevier.com/about/policies/sharing
articles-published-in-refereed-journals-013,Articles Published in Refereed Journals,2024,"+Narvaiz, S., Lin, Q., Rosenberg, J. M., Frank, K. A., Maroulis, S. J., Wang, W., & Xu, R",konfound: An R Sensitivity Analysis Package to Quantify the Robustness of Causal Inferences,"Journal of Open Source Software, 9",NA,10.21105/joss.05779.pdf,NA,FALSE,NA,NA,yes-default,AM,0,NA,NA
articles-published-in-refereed-journals-014,Articles Published in Refereed Journals,2024,"Carpenter, J. P., Rosenberg, J. M., Kessler, A., Romero-Hall, E., & Fischer, C",The importance of context in teacher educators' professional digital competence,Teachers and Teaching,Informa UK Limited,10.1080/13540602.2024.2320155,FALSE,FALSE,NA,NA,yes,AM,0,informa|taylor.*francis|routledge|tandf,https://authorservices.taylorandfrancis.com/research-impact/sharing-versions-of-journal-articles/
articles-published-in-refereed-journals-015,Articles Published in Refereed Journals,2023,"Ranellucci, J., & Rosenberg, J. M","Students' interest, engagement, and achievement in online high school science courses",Educational Psychology,Informa UK Limited,10.1080/01443410.2023.2299703,FALSE,FALSE,NA,NA,yes,AM,0,informa|taylor.*francis|routledge|tandf,https://authorservices.taylorandfrancis.com/research-impact/sharing-versions-of-journal-articles/
articles-published-in-refereed-journals-016,Articles Published in Refereed Journals,2023,"Staudt Willet, K.B., Rosenberg, J.M",The design and effects of educational data science workshops for early career researchers,Journal Formative Design in Learning,Springer Science and Business Media LLC,10.1007/s41686-023-00083-7,FALSE,FALSE,NA,NA,yes,AM,12,springer,https://www.springernature.com/gp/open-research/policies/journal-policies/self-archiving-policy
articles-published-in-refereed-journals-017,Articles Published in Refereed Journals,2023,"Hodge, E. M., Rosenberg, J. M., & López, F. A","""We Don't Teach Critical Race Theory Here"": A sentiment analysis of K-12 school and district social media Statements",Peabody Journal of Education,Informa UK Limited,10.1080/0161956X.2023.2261318,FALSE,FALSE,NA,NA,yes,AM,0,informa|taylor.*francis|routledge|tandf,https://authorservices.taylorandfrancis.com/research-impact/sharing-versions-of-journal-articles/
articles-published-in-refereed-journals-018,Articles Published in Refereed Journals,2023,"Garner, A. V., & Rosenberg, J",Utilizing iNaturalist to support place-based learning and data analysis,"Science Scope, 46",NA,NA,NA,FALSE,NA,NA,yes-default,AM,0,NA,NA
articles-published-in-refereed-journals-019,Articles Published in Refereed Journals,2023,"Rosenberg, J. M",Open and useful?,Exploring the science education resources on OER Commons,NA,NA,NA,FALSE,NA,NA,yes-default,AM,0,NA,NA
articles-published-in-refereed-journals-020,Articles Published in Refereed Journals,2023,"Borchers, C., Rosenberg, J. M., & Swartzentruber, R. M",Facebook post data: a primer for educational research,Educational Technology Research and Development,Springer Science and Business Media LLC,10.1007/s11423-023-10269-2,FALSE,FALSE,NA,NA,yes,AM,12,springer,https://www.springernature.com/gp/open-research/policies/journal-policies/self-archiving-policy
articles-published-in-refereed-journals-022,Articles Published in Refereed Journals,2023,"Kubsch, M., Krist, C., & Rosenberg, J. M",Distributing Epistemic Functions and Tasks - A framework for augmenting human analytic power with machine learning in science education research,Journal of Research in Science Teaching,Wiley,10.1002/tea.21803,TRUE,TRUE,https://doi.org/10.1002/tea.21803,failed,yes,AM,0,wiley|john wiley,https://authorservices.wiley.com/author-resources/Journal-Authors/licensing/self-archiving.html
articles-published-in-refereed-journals-023,Articles Published in Refereed Journals,2023,"Carpenter, J. P., Morrison, S. A., Rosenberg, J. M., & Hawthorne, K. A",Using social media in pre-service teacher education: The case of a program-wide twitter hashtag,"Teaching and Teacher Education, 124",Elsevier BV,10.1016/j.tate.2023.104036,FALSE,FALSE,NA,NA,yes,AM,0,elsevier,https://www.elsevier.com/about/policies/sharing
articles-published-in-refereed-journals-024,Articles Published in Refereed Journals,2022,"Rosenberg, J., \^Borchers, C., Stegenga, S. M., \^Burchfield, M. A., Anderson, D., & Fischer, C",How educational institutions reveal students' personally identifiable information on Facebook,"Learning, Media, & Technology",Informa UK Limited,10.1080/17439884.2022.2140672,FALSE,FALSE,NA,NA,yes,AM,0,informa|taylor.*francis|routledge|tandf,https://authorservices.taylorandfrancis.com/research-impact/sharing-versions-of-journal-articles/
articles-published-in-refereed-journals-025,Articles Published in Refereed Journals,2022,"Rosenberg, J. M., \^Borchers, C., \^Burchfield, M. A., Anderson, D., Stegenga, S. M., & Fischer, C",Posts about students on Facebook: A data ethics perspective,"Educational Researcher, 51",American Educational Research Association (AERA),10.3102/0013189X221120538,FALSE,FALSE,NA,NA,yes,AM,0,^aera|american educational research association,https://www.aera.net/Publications/Journals/AERA-Journals-Publications
articles-published-in-refereed-journals-027,Articles Published in Refereed Journals,2022,"Jones. R. S., & Rosenberg, J. M",Characterizing whole class discussions about data and statistics with conversation profile analysis,"Journal of Mathematical Behavior, 67",Elsevier BV,10.1016/j.jmathb.2022.100996,FALSE,FALSE,NA,NA,yes,AM,0,elsevier,https://www.elsevier.com/about/policies/sharing
articles-published-in-refereed-journals-028,Articles Published in Refereed Journals,2022,"Rosenberg, J. M., Schultheis, E., Kjelvik, M., Reedy, A., & +Sultana, O","Big data, big changes?",A survey of K-12 science teachers in the United States on which data sources and tools they use in the classroom,Wiley,10.1111/bjet.13245,FALSE,FALSE,NA,NA,yes,AM,0,wiley|john wiley,https://authorservices.wiley.com/author-resources/Journal-Authors/licensing/self-archiving.html
articles-published-in-refereed-journals-029,Articles Published in Refereed Journals,2022,"+Michela, E., Rosenberg, J., Kimmons, R., +Sultana, O., \^Burchfield, M. A., & \^Thomas, T","""We are trying to communicate the best we can"": Understanding districts' communication on Twitter during the COVID-19 pandemic","AERA Open, 8",SAGE Publications,10.1177/23328584221078542,TRUE,TRUE,https://journals.sagepub.com/doi/pdf/10.1177/23328584221078542,failed,yes,AM,12,sage publications|sage publishing,https://us.sagepub.com/en-us/nam/journal-author-archiving-policies-and-re-use
articles-published-in-refereed-journals-030,Articles Published in Refereed Journals,2022,"Trout Fryxell, R. T., Camponovo, M., Smith, B., Butefish, K., Rosenberg, J. M., Andsager, J. L., ... & Willis, M. P","Development of a community-driven mosquito surveillance program for vectors of La Crosse virus to educate, inform, and empower a community","Insects, 13",MDPI AG,10.3390/insects13020164,TRUE,TRUE,https://www.mdpi.com/2075-4450/13/2/164/pdf?version=1644461861,failed,yes,VoR,0,mdpi,https://www.mdpi.com/authors/rights
articles-published-in-refereed-journals-031,Articles Published in Refereed Journals,2022,"Rutherford, T., Duck, K., Rosenberg, J. M., & Patt, R",Leveraging mathematics software data to understand student learning and motivation during the COVID-19 pandemic,"Journal of Research on Technology in Education, 54",Informa UK Limited,10.1080/15391523.2021.1920520,FALSE,FALSE,NA,NA,yes,AM,0,informa|taylor.*francis|routledge|tandf,https://authorservices.taylorandfrancis.com/research-impact/sharing-versions-of-journal-articles/
articles-published-in-refereed-journals-032,Articles Published in Refereed Journals,2021,"Aguilar, S. J., Rosenberg, J., Greenhalgh, S., Fütterer, T., Lishinski, A., & Fischer, C",A different experience in a different moment?,Teachers' social media use before and during the COVID-19 pandemic,SAGE Publications,10.1177/23328584211063898,TRUE,TRUE,https://journals.sagepub.com/doi/pdf/10.1177/23328584211063898,failed,yes,AM,12,sage publications|sage publishing,https://us.sagepub.com/en-us/nam/journal-author-archiving-policies-and-re-use
articles-published-in-refereed-journals-033,Articles Published in Refereed Journals,2021,"+Lawson, M. A., Herrick, I., R., & Rosenberg, J. M",Better together: Mathematics and science pre-service teachers' sensemaking about STEM,"Educational Technology & Society, 24",NA,NA,NA,FALSE,NA,NA,yes-default,AM,0,NA,NA
articles-published-in-refereed-journals-034,Articles Published in Refereed Journals,2021,"Schweinsburg, M., ... Luis, S","Same data, different conclusions: Radical dispersion in empirical results","Organizational Behavior and Human Decision Processes, 165",NA,NA,NA,FALSE,NA,NA,yes-default,AM,0,NA,NA
articles-published-in-refereed-journals-036,Articles Published in Refereed Journals,2021,"Frank, K. A., Lin, Q., Maroulis, S., Strassman, A., Xu, R., Rosenberg, J. M., Hayter, C., Mahmoud, R., Kolak, M., Dietz, T., & Zhang, L",Hypothetical case replacement can be used to quantify the robustness of trial results,"Journal of Clinical Epidemiology, 134",Elsevier BV,10.1016/j.jclinepi.2021.01.025,FALSE,FALSE,NA,NA,yes,AM,0,elsevier,https://www.elsevier.com/about/policies/sharing
articles-published-in-refereed-journals-037,Articles Published in Refereed Journals,2021,"Rosenberg, J. M., \^Borchers, C., Dyer, E., Anderson, D. J., & Fischer, C",Advancing new methods for understanding public sentiment about educational reforms: The case of Twitter and the Next Generation Science Standards,"AERA Open, 7",SAGE Publications,10.1177/23328584211024261,TRUE,TRUE,https://journals.sagepub.com/doi/pdf/10.1177/23328584211024261,failed,yes,AM,12,sage publications|sage publishing,https://us.sagepub.com/en-us/nam/journal-author-archiving-policies-and-re-use
articles-published-in-refereed-journals-038,Articles Published in Refereed Journals,2021,"Ranellucci, J., Robinson, K., Rosenberg, J. M., Lee, Y.-K., Roseth, C., & Linnenbrink-Garcia",Comparing the roles and correlates of emotions in class and during online video lectures in a flipped anatomy classroom,"Contemporary Educational Psychology, 64",Elsevier BV,10.1016/j.cedpsych.2021.101966,FALSE,FALSE,NA,NA,yes,AM,0,elsevier,https://www.elsevier.com/about/policies/sharing
articles-published-in-refereed-journals-039,Articles Published in Refereed Journals,2021,"Akcaoglu, M., Rosenberg, J. M., Hodges, C. B., Hilpert, J",An exploration of factors impacting middle school students' attitudes toward computer programming,"Computers in the Schools, 38",Informa UK Limited,10.1080/07380569.2021.1882209,FALSE,FALSE,NA,NA,yes,AM,0,informa|taylor.*francis|routledge|tandf,https://authorservices.taylorandfrancis.com/research-impact/sharing-versions-of-journal-articles/
articles-published-in-refereed-journals-043,Articles Published in Refereed Journals,2020,"Anderson, D. J., Rowley, B., Stegenga, S., Irvin, P. S., & Rosenberg, J. M","Evaluating content-related validity evidence using a text-based, machine learning procedure","Educational Measurement: Issues and Practice, 39",Wiley,10.1111/emip.12314,FALSE,FALSE,NA,NA,yes,AM,0,wiley|john wiley,https://authorservices.wiley.com/author-resources/Journal-Authors/licensing/self-archiving.html
articles-published-in-refereed-journals-044,Articles Published in Refereed Journals,2020,"Rosenberg, J. M., Reid, J., Dyer, E., Koehler, M. J., Fischer, C., & McKenna, T. J",Idle chatter or compelling conversation?,The potential of the social media-based #NGSSchat network as a support for science education reform efforts,Wiley,10.1002/tea.21660,FALSE,FALSE,NA,NA,yes,AM,0,wiley|john wiley,https://authorservices.wiley.com/author-resources/Journal-Authors/licensing/self-archiving.html
articles-published-in-refereed-journals-045,Articles Published in Refereed Journals,2020,"Carpenter, J., Rosenberg, J. M., Dousay, T., Romero-Hall, E., Trust, T., Kessler, A., Phillips, M., Morrison, S., Fischer, C. & Krutka, D",What should teacher educators know about technology?,Perspectives and self-assessments,Elsevier BV,10.1016/j.tate.2020.103124,FALSE,FALSE,NA,NA,yes,AM,0,elsevier,https://www.elsevier.com/about/policies/sharing
articles-published-in-refereed-journals-046,Articles Published in Refereed Journals,2020,"Ranellucci, J., Rosenberg, J. M., & Poitras, E",Exploring pre-service teachers' use of technology: The technology acceptance model and expectancy-value theory,"Journal of Computer Assisted Learning, 36",Wiley,10.1111/jcal.12459,FALSE,FALSE,NA,NA,yes,AM,0,wiley|john wiley,https://authorservices.wiley.com/author-resources/Journal-Authors/licensing/self-archiving.html
articles-published-in-refereed-journals-049,Articles Published in Refereed Journals,2020,"Beymer, P. N., Rosenberg, J. M., & Schmidt, J. A",Does choice matter or is it all about interest?,An investigation using an experience sampling approach in high school science classrooms,Elsevier BV,10.1016/j.lindif.2019.101812,FALSE,FALSE,NA,NA,yes,AM,0,elsevier,https://www.elsevier.com/about/policies/sharing
articles-published-in-refereed-journals-051,Articles Published in Refereed Journals,2019,"Xu, R., Frank, K. A., Maroulis, S., & Rosenberg, J. M",konfound: Command to quantify robustness of causal inferences,"The Stata Journal, 19",SAGE Publications,10.1177/1536867X19874223,TRUE,TRUE,https://journals.sagepub.com/doi/pdf/10.1177/1536867X19874223,failed,yes,AM,12,sage publications|sage publishing,https://us.sagepub.com/en-us/nam/journal-author-archiving-policies-and-re-use
articles-published-in-refereed-journals-053,Articles Published in Refereed Journals,2019,"Henriksen, D., Mehta, R. & Rosenberg, J",Supporting a creatively focused technology fluent mindset among educators: survey results from a five-year inquiry into teachers' confidence in using technology,"Journal of Technology and Teacher Education, 27",NA,NA,NA,FALSE,NA,NA,yes-default,AM,0,NA,NA
articles-published-in-refereed-journals-056,Articles Published in Refereed Journals,2018,"Greenhalgh, S. P., Staudt Willet, K. B., Rosenberg, J. M., & Koehler, M. J","Tweet, and we shall find: Using digital methods to locate participants in educational hashtags","TechTrends, 62",Springer Science and Business Media LLC,10.1007/s11528-018-0313-6,FALSE,FALSE,NA,NA,yes,AM,12,springer,https://www.springernature.com/gp/open-research/policies/journal-policies/self-archiving-policy
articles-published-in-refereed-journals-057,Articles Published in Refereed Journals,2018,"Beymer, P. N., Rosenberg, J. M., Schmidt, J. A., & Naftzger, N","Examining relationships between choice, affect, and engagement in out-of-school time STEM programs","Journal of Youth and Adolescence, 47",Springer Science and Business Media LLC,10.1007/s10964-018-0814-9,FALSE,FALSE,NA,NA,yes,AM,12,springer,https://www.springernature.com/gp/open-research/policies/journal-policies/self-archiving-policy
articles-published-in-refereed-journals-061,Articles Published in Refereed Journals,2017,"Koehler, M. J., Greenhalgh, S. P., Rosenberg, M. J., & Keenan, S",What the tech is going on with digital teaching portfolios?,Using the TPACK framework to analyze teachers' technological understanding,NA,NA,NA,FALSE,NA,NA,yes-default,AM,0,NA,NA
reports-001,Reports,2026,"National Academies of Sciences, Engineering, and Medicine",Data and Computing in K-12 Education: Foundational Competencies,Washington,National Academies Press,10.17226/29303,FALSE,FALSE,NA,NA,yes,VoR,0,national academies press,https://nap.nationalacademies.org/reprint_permission.html
commissioned-papers-white-papers-reports-and-articles-in-the-popular-press-001,"Commissioned Papers, White Papers, Reports, and Articles in the Popular Press",2023,"Bilal, D., Fagan, J., Rius, A., Vogiatzis, K., Liu, C., Dahms, H., Duncan, L., Kim, H., Odoi, A., Rosenberg, J., Singh, V., & Sobes, V",*AI TENNessee Initiative: Education,AI Tennessee Initiative,NA,NA,NA,FALSE,NA,NA,yes-default,AM,0,NA,NA
commissioned-papers-white-papers-reports-and-articles-in-the-popular-press-002,"Commissioned Papers, White Papers, Reports, and Articles in the Popular Press",2022,"Rosenberg, J. M., & Jones, R. S",K-12 data science learning,Paper commissioned by the National Academies of Sciences,NA,NA,NA,FALSE,NA,NA,yes-default,AM,0,NA,NA
commissioned-papers-white-papers-reports-and-articles-in-the-popular-press-003,"Commissioned Papers, White Papers, Reports, and Articles in the Popular Press",2021,"Rosenberg, J. M",School posts on Facebook could threaten student privacy,The Conversation,The Conversation,10.64628/aai.rd9r494px,FALSE,FALSE,NA,NA,yes,VoR,0,the conversation,https://theconversation.com/us/republishing-guidelines
commissioned-papers-white-papers-reports-and-articles-in-the-popular-press-004,"Commissioned Papers, White Papers, Reports, and Articles in the Popular Press",2020,"Rosenberg, J. M",Open-source authorship of data science in education using R,R Views,NA,NA,NA,FALSE,NA,NA,yes-default,AM,0,NA,NA
commissioned-papers-white-papers-reports-and-articles-in-the-popular-press-005,"Commissioned Papers, White Papers, Reports, and Articles in the Popular Press",2018,"Rosenberg, J. M","Opportunities for engaging students in ""data practices"" in online science classes","Michigan Virtual Learning Research Institute Blog: Research, Policy, Innovation & Networks",NA,NA,NA,FALSE,NA,NA,yes-default,AM,0,NA,NA
commissioned-papers-white-papers-reports-and-articles-in-the-popular-press-006,"Commissioned Papers, White Papers, Reports, and Articles in the Popular Press",2017,"Rosenberg, J. M., & Ranellucci, J",Student motivation in online science courses: A path to spending more time on course and higher achievement,"Michigan Virtual Learning Research Institute Blog: Research, Policy, Innovation & Networks",NA,NA,NA,FALSE,NA,NA,yes-default,AM,0,NA,NA
commissioned-papers-white-papers-reports-and-articles-in-the-popular-press-007,"Commissioned Papers, White Papers, Reports, and Articles in the Popular Press",2019,"Naftzger, N., Schmidt, J. A., Shumow, L., Beymer, P. N., & Rosenberg, J. M",Exploring the link between STEM activity leader practice and youth engagement: Findings from the STEM IE study,Washington,Wiley,10.1002/tea.21630,FALSE,FALSE,NA,NA,yes,AM,0,wiley|john wiley,https://authorservices.wiley.com/author-resources/Journal-Authors/licensing/self-archiving.html
editor-reviewed-articles-published-in-journals-001,Editor-Reviewed Articles Published in Journals,2026,"Kimmons, R., Rosenberg, J. M., Ali, F., & West, R. E","Trends and topics in educational technology, 2026 edition",TechTrends,NA,10.1007/s11528-026-01193-2,NA,FALSE,NA,NA,yes-default,AM,0,NA,NA
editor-reviewed-articles-published-in-journals-005,Editor-Reviewed Articles Published in Journals,2022,"Hodge, E. M., López, F. A., & Rosenberg, J. M",How to respond to community concerns about critical race theory,"Phi Delta Kappan, 10",SAGE Publications,10.1177/00317217221136599,FALSE,FALSE,NA,NA,yes,AM,12,sage publications|sage publishing,https://us.sagepub.com/en-us/nam/journal-author-archiving-policies-and-re-use
editor-reviewed-articles-published-in-journals-006,Editor-Reviewed Articles Published in Journals,2022,"Jiang, S., Lee, V. R., & Rosenberg, J. M",Data science education across the disciplines: Underexamined opportunities for K‐12 innovation,"British Journal of Educational Technology, 53",Wiley,10.1111/bjet.13258,FALSE,FALSE,NA,NA,yes,AM,0,wiley|john wiley,https://authorservices.wiley.com/author-resources/Journal-Authors/licensing/self-archiving.html
editor-reviewed-articles-published-in-journals-008,Editor-Reviewed Articles Published in Journals,2022,"Frank K.A., Lin Q., Maroulis S., Mueller A.S., Xu R., Rosenberg J.M., Hayter C.S., Mahmoud R.A., Kolak M., Dietz T., Zhang L","Response to ""Three Comments on the RIR method""","Journal of Clinical Epidemiology, 146",NA,NA,NA,FALSE,NA,NA,yes-default,AM,0,NA,NA
editor-reviewed-articles-published-in-journals-009,Editor-Reviewed Articles Published in Journals,2021,"Kessler, A. M., Likely, R., & Rosenberg, J",Open for whom?,The need to define open science for science education,Wiley,10.1002/tea.21730,FALSE,FALSE,NA,NA,yes,AM,0,wiley|john wiley,https://authorservices.wiley.com/author-resources/Journal-Authors/licensing/self-archiving.html
editor-reviewed-articles-published-in-journals-010,Editor-Reviewed Articles Published in Journals,2021,"Rosenberg, J. M., \^Burchfield, M. B., \^Borchers, C., \^Gibbons, B., & Anderson, D., and Fischer, C",Posts on Facebook by schools and districts and the potential risks to students' privacy,Phi Delta Kappan,NA,NA,NA,FALSE,NA,NA,yes-default,AM,0,NA,NA
editor-reviewed-articles-published-in-journals-011,Editor-Reviewed Articles Published in Journals,2021,"Kimmons, R., Rosenberg, J., & Allman, B","Trends in educational technology: What Facebook, Twitter, and Scopus can tell us about current research and practice","TechTrends, 65",NA,NA,NA,FALSE,NA,NA,yes-default,AM,0,NA,NA
editor-reviewed-articles-published-in-journals-012,Editor-Reviewed Articles Published in Journals,2019,"Mehta, R., Henriksen, D., & Rosenberg, J. M",It's not about the tools,"Educational Leadership, 76",NA,NA,NA,FALSE,NA,NA,yes-default,AM,0,NA,NA
editor-reviewed-articles-published-in-journals-013,Editor-Reviewed Articles Published in Journals,2017,"Rosenberg, J. M., & Logan, C. W","Review of the book What's Worth Teaching: Rethinking Curriculum in the Age of Technology, by A",Collins,NA,NA,NA,FALSE,NA,NA,yes-default,AM,0,NA,NA
contributions-to-edited-volumes-003,Contributions to Edited Volumes,NA,"Rosenberg, J",*Comparing self-report and digital trace measures of social networks.* In N,Kolleck,NA,NA,NA,FALSE,NA,NA,yes-default,AM,0,NA,NA
contributions-to-edited-volumes-004,Contributions to Edited Volumes,2022,"Dai, T., Rosenberg, J. M., & +Lawson, M. A",Data representations and visualizations in educational research,In T,Routledge,10.4324/9781138609877-REE148-1,FALSE,FALSE,NA,NA,yes,AM,0,informa|taylor.*francis|routledge|tandf,https://authorservices.taylorandfrancis.com/research-impact/sharing-versions-of-journal-articles/
contributions-to-edited-volumes-006,Contributions to Edited Volumes,2020,"Greenhalgh, S. P., Staudt Willet, B., Rosenberg, J. M., & Koehler, M. J",Lessons learned from applying Twitter research methods to educational technology phenomena,In E,NA,NA,NA,FALSE,NA,NA,yes-default,AM,0,NA,NA
contributions-to-edited-volumes-007,Contributions to Edited Volumes,2019,"Eidelman, R., Rosenberg, J. M. ,& Shwartz, Y",Assessing the interaction between self-regulated learning (SRL) profiles and actual learning in the chemistry online blended learning environment (COBLE),In Sampson,Springer International Publishing,10.1007/978-3-030-15130-0_12,FALSE,FALSE,NA,NA,yes,AM,12,springer,https://www.springernature.com/gp/open-research/policies/journal-policies/self-archiving-policy
contributions-to-edited-volumes-008,Contributions to Edited Volumes,2016,"Herring, M., Koehler, M. J., Mishra, P., Rosenberg, J. M., & Teske, J",Introduction to the 2nd edition of the TPACK handbook,In M,NA,NA,NA,FALSE,NA,NA,yes-default,AM,0,NA,NA
contributions-to-edited-volumes-009,Contributions to Edited Volumes,2016,"Keenan, S., Rosenberg, J. M., Greenhalgh, S. P. & Koehler, M. J",Examining teachers' technology use through digital portfolios,In L,NA,NA,NA,FALSE,NA,NA,yes-default,AM,0,NA,NA
contributions-to-edited-volumes-010,Contributions to Edited Volumes,2016,"Phillips, M., Koehler, M. J. & Rosenberg, J. M",Considering context: Teachers' TPACK development and enactment,In L,NA,NA,NA,FALSE,NA,NA,yes-default,AM,0,NA,NA
contributions-to-edited-volumes-011,Contributions to Edited Volumes,2015,"Rosenberg, J. M., & Koehler, M. J",Context and teaching with technology in the digital age,In M,IGI Global,10.4018/978-1-4666-8403-4.ch017,FALSE,FALSE,NA,NA,yes,AM,6,igi global,https://www.igi-global.com/about/rights-permissions/
contributions-to-edited-volumes-012,Contributions to Edited Volumes,2015,"Rosenberg, J. M., Greenhalgh, S. P., & Koehler, M. J",A performance assessment of teachers' TPACK using artifacts from digital portfolios,In L,NA,NA,NA,FALSE,NA,NA,yes-default,AM,0,NA,NA
contributions-to-edited-volumes-013,Contributions to Edited Volumes,2013,"Koehler, M. J., Mishra, P., Akcaoglu, M., & Rosenberg, J. M",Technological pedagogical content knowledge for teachers and teacher educators,In N,NA,NA,NA,FALSE,NA,NA,yes-default,AM,0,NA,NA
papers-published-in-refereed-conference-proceedings-001,Papers Published in Refereed Conference Proceedings,2025,"Chen, C., Zhao, Y., Rosenberg, J. M., & Hodge, L. L",Mapping the Research Landscape of Culturally Relevant Pedagogy in Computing Education: A Topic Modeling Approach,In *Proceedings of the 2025 ACM Conference on International Computing Education Research* V,ACM,10.1145/3702653.3744322,FALSE,FALSE,NA,NA,yes,AM,0,acm|association for computing machinery,https://authors.acm.org/author-resources/author-rights
papers-published-in-refereed-conference-proceedings-003,Papers Published in Refereed Conference Proceedings,2024,"Lishinski, A., Bao, H., & Rosenberg, J",Self-efficacy Interventions for CS1,In *Proceedings of the 55th ACM Technical Symposium on Computer Science Education V,ACM,10.1145/3626253.3635348,FALSE,FALSE,NA,NA,yes,AM,0,acm|association for computing machinery,https://authors.acm.org/author-resources/author-rights
papers-published-in-refereed-conference-proceedings-006,Papers Published in Refereed Conference Proceedings,2022,"Thomas, T., Rosenberg, J. M., Penner, E. & Burchfield, M","Racism and school districts' social media posts: ""Is it being talked about?""",Proceedings for the *Social Media and Society* conference,NA,NA,NA,FALSE,NA,NA,yes-default,AM,0,NA,NA
papers-published-in-refereed-conference-proceedings-008,Papers Published in Refereed Conference Proceedings,2022,"Lishinski, A., Narvaiz, S., and Rosenberg, J. M","Self-efficacy, interest, and belongingness – URM Students' momentary experiences in CS1",Proceedings of the 2022 ACM Conference on International Computing Education Research,ACM,10.1145/3501385.3543958,FALSE,FALSE,NA,NA,yes,AM,0,acm|association for computing machinery,https://authors.acm.org/author-resources/author-rights
papers-published-in-refereed-conference-proceedings-009,Papers Published in Refereed Conference Proceedings,2022,"Carpenter, J., Morrison, S., Rosenberg, J., & Hawthorne, K",Professional learning networks for pre-service teachers: A social network analysis of a program-wide teacher education Twitter hashtag,In *Society for Information Technology & Teacher Education International Conference,AERA,10.3102/1894161,FALSE,FALSE,NA,NA,yes,AM,0,informa|taylor.*francis|routledge|tandf,https://authorservices.taylorandfrancis.com/research-impact/sharing-versions-of-journal-articles/
papers-published-in-refereed-conference-proceedings-010,Papers Published in Refereed Conference Proceedings,2021,"Borchers, C., Rosenberg, J., Gibbons, B., Burchfield, M., & Fischer, C",To scale or not to scale: Comparing popular sentiment analysis dictionaries on educational Twitter data,In I,NA,NA,NA,FALSE,NA,NA,yes-default,AM,0,NA,NA
papers-published-in-refereed-conference-proceedings-012,Papers Published in Refereed Conference Proceedings,2021,"Lishinski, A., & Rosenberg, J",All the pieces matter: The relationship of momentary self-efficacy and affective experiences with CS1 achievement and interest in computing,Proceedings of the 17th ACM Conference on International Computing Education Research,ACM,10.1145/3446871.3469740,FALSE,FALSE,NA,NA,yes,AM,0,acm|association for computing machinery,https://authors.acm.org/author-resources/author-rights
papers-published-in-refereed-conference-proceedings-015,Papers Published in Refereed Conference Proceedings,2021,"Kubsch, M., Rosenberg. J. M., & Krist, C",Beyond supervision: Human / machine distributed learning in learning sciences research,In E,NA,NA,NA,FALSE,NA,NA,yes-default,AM,0,NA,NA
papers-published-in-refereed-conference-proceedings-018,Papers Published in Refereed Conference Proceedings,2021,"Lishinski, A., & Rosenberg, J. M",How CS1 students experienced COVID-19 in the moment: using an experience sampling approach to understand the transition to emergency remote instruction,In *Proceedings of the 51st ACM Technical Symposium on Computer Science Education,ACM,10.1145/3408877.3439657,FALSE,FALSE,NA,NA,yes,AM,0,acm|association for computing machinery,https://authors.acm.org/author-resources/author-rights
papers-published-in-refereed-conference-proceedings-019,Papers Published in Refereed Conference Proceedings,2021,"+Mann, M., \^Bui, H., \^Gibbons, B., +Lishinski, A., Dyer, E., & Rosenberg, J. M","""Not my subject""?: A survey of teachers regarding the implementation of new K-8 computing education standards",In *Proceedings of the 51st ACM Technical Symposium on Computer Science Education,ACM,10.1145/3408877.3439666,FALSE,FALSE,NA,NA,yes,AM,0,acm|association for computing machinery,https://authors.acm.org/author-resources/author-rights
papers-published-in-refereed-conference-proceedings-020,Papers Published in Refereed Conference Proceedings,2020,"Rosenberg, J. M., +Schmidt, A., Rosenberg, A. M., +Longnecker, J., & +Mann M",Becoming 'tidier' over time,Studying #tidytuesday as a social media-based context for learning to visualize data,NA,NA,NA,FALSE,NA,NA,yes-default,AM,0,NA,NA
papers-published-in-refereed-conference-proceedings-024,Papers Published in Refereed Conference Proceedings,2020,"Rosenberg, J. M",More confidently uncertain?,Teaching learners to apply Bayesian methods to make sense of scientific phenomena,NA,NA,NA,FALSE,NA,NA,yes-default,AM,0,NA,NA
papers-published-in-refereed-conference-proceedings-025,Papers Published in Refereed Conference Proceedings,2020,"Lishinski, A., & Rosenberg, J",Accruing interest: What experiences contribute to students developing a sustained interest in computer science over time?,In *Proceedings of the 51st ACM Technical Symposium on Computer Science Education,ACM,10.1145/3328778.3372568,FALSE,FALSE,NA,NA,yes,AM,0,acm|association for computing machinery,https://authors.acm.org/author-resources/author-rights
papers-published-in-refereed-conference-proceedings-026,Papers Published in Refereed Conference Proceedings,2020,"Rosenberg, J., & Lishinski, A",Variable interest rate: What experiences explain differences in interest in computer science among students?,In *Proceedings of the 51st ACM Technical Symposium on Computer Science Education,ACM,10.1145/3328778.3372537,FALSE,FALSE,NA,NA,yes,AM,0,acm|association for computing machinery,https://authors.acm.org/author-resources/author-rights
papers-published-in-refereed-conference-proceedings-027,Papers Published in Refereed Conference Proceedings,2019,"Carpenter, J., Rosenberg, J. M., Dousay, T., Romero-Hall, E., Trust, T., Kessler, A., Phillips, M., Morrison, S., Fischer, C. & Krutka, D",What do teacher educators think of teacher education technology competencies?,In K,Elsevier BV,10.1016/j.tate.2020.103124,FALSE,FALSE,NA,NA,yes,AM,0,elsevier,https://www.elsevier.com/about/policies/sharing
papers-published-in-refereed-conference-proceedings-028,Papers Published in Refereed Conference Proceedings,2017,"Peterson, A., Freer, D., & Rosenberg, J. M",Interacting with purpose: What is the difference between face-to-face and online student relationships in a combined program?,In *Proceedings of Society for Information Technology & Teacher Education International Conference,NA,NA,NA,FALSE,NA,NA,yes,AM,0,informa|taylor.*francis|routledge|tandf,https://authorservices.taylorandfrancis.com/research-impact/sharing-versions-of-journal-articles/
papers-published-in-refereed-conference-proceedings-029,Papers Published in Refereed Conference Proceedings,2016,"Krist, C., & Rosenberg, J. M",Finding patterns in and refining characterizations of students' epistemic cognition: A computational approach,In Looi,NA,NA,NA,FALSE,NA,NA,yes-default,AM,0,NA,NA
papers-published-in-refereed-conference-proceedings-030,Papers Published in Refereed Conference Proceedings,2016,"Rosenberg, J. M., Koehler, M. J., Akcaoglu, M., Greenhalgh, S. P. & Hamilton, E",State Educational Twitter Hashtags: An introduction and research agenda,In *Proceedings of Society for Information Technology & Teacher Education International Conference,NA,NA,NA,FALSE,NA,NA,yes,AM,0,informa|taylor.*francis|routledge|tandf,https://authorservices.taylorandfrancis.com/research-impact/sharing-versions-of-journal-articles/
papers-published-in-refereed-conference-proceedings-031,Papers Published in Refereed Conference Proceedings,2016,"Greenhalgh, S. P., Rosenberg, J. M. & Wolf, L. G",For every tweet there is a purpose: Twitter within (and beyond) an online graduate program,In *Proceedings of Society for Information Technology & Teacher Education International Conference,NA,NA,NA,FALSE,NA,NA,yes,AM,0,informa|taylor.*francis|routledge|tandf,https://authorservices.taylorandfrancis.com/research-impact/sharing-versions-of-journal-articles/
papers-published-in-refereed-conference-proceedings-033,Papers Published in Refereed Conference Proceedings,2014,"Rosenberg, J. M., & Koehler, M",Context and Technological Pedagogical Content Knowledge: A content analysis,In M,Informa UK Limited,10.1080/15391523.2015.1052663,FALSE,FALSE,NA,NA,yes,AM,0,informa|taylor.*francis|routledge|tandf,https://authorservices.taylorandfrancis.com/research-impact/sharing-versions-of-journal-articles/
papers-published-in-refereed-conference-proceedings-034,Papers Published in Refereed Conference Proceedings,2014,"Greenhalgh, S. P., Rosenberg, J. M., Zellner, A. & Koehler, M. J",Zen and the art of portfolio maintenance: Best practices in course design for supporting long-lasting portfolios,In M,NA,NA,NA,FALSE,NA,NA,yes-default,AM,0,NA,NA
papers-published-in-refereed-conference-proceedings-035,Papers Published in Refereed Conference Proceedings,2014,"Rosenberg, J., Terry, C., Bell, J., Hiltz, V., Russo, T. & The EPET Social Media Council",What we've got here is failure to communicate: Social media best practices for graduate school programs,In M,NA,NA,NA,FALSE,NA,NA,yes-default,AM,0,NA,NA
papers-published-in-refereed-conference-proceedings-036,Papers Published in Refereed Conference Proceedings,2013,"Rosenberg, J",Review of mobile device use policies in public high schools,In R,NA,NA,NA,FALSE,NA,NA,yes-default,AM,0,NA,NA
